{"banner_items":{"635d195992c5e":{"is_publish":true,"id":"635d195992c5e","photo":"https://firebasestorage.googleapis.com/v0/b/emart-8d99f.appspot.com/o/images%2Fimage%208.png?alt=media&token=9792bde3-3799-4ce4-86b0-ebbcb9e46e1d","position":"top","set_order":1,"sectionId":"6285dd3281531","title":"Womens"},"635d3a6cbb230":{"sectionId":"6285dd3281531","id":"635d3a6cbb230","title":"Mens","is_publish":true,"photo":"https://firebasestorage.googleapis.com/v0/b/emart-8d99f.appspot.com/o/images%2Fbanner1.png?alt=media&token=2c70d6d5-afef-455a-81ac-cdf3acca99aa","position":"middle","set_order":2},"6364f06c0db46":{"position":"middle","is_publish":true,"sectionId":"6285dd3281531","photo":"https://firebasestorage.googleapis.com/v0/b/emart-8d99f.appspot.com/o/images%2Fbanner2.png?alt=media&token=af1243c5-5e7f-48fa-8973-760794988197","set_order":1,"title":"Kids","id":"6364f06c0db46"},"6364f1d4f2e06":{"photo":"https://firebasestorage.googleapis.com/v0/b/emart-8d99f.appspot.com/o/images%2Fnew-items.png?alt=media&token=40fc82f3-749f-460a-9146-2b9f466da6fc","is_publish":true,"id":"6364f1d4f2e06","title":"Watches","set_order":2,"position":"top","sectionId":"6285dd3281531"},"636b903864788":{"sectionId":"6285dd3281531","title":"banner","position":"top","is_publish":true,"photo":"https://firebasestorage.googleapis.com/v0/b/emart-8d99f.appspot.com/o/images%2Fbanner2.png?alt=media&token=d1684d29-6f8b-4b68-9231-ab9c7c65c034","id":"636b903864788","set_order":3},"637787b93d2f6":{"title":"Middle banner","id":"637787b93d2f6","sectionId":"6285dd3281531","is_publish":true,"position":"middle","set_order":4,"photo":"https://firebasestorage.googleapis.com/v0/b/emart-8d99f.appspot.com/o/images%2Fonline-shopping-and-e-commerce-banner-vector.jpg?alt=media&token=8d529468-9d35-480f-b380-3d36fbca56e8"},"637b039017257":{"id":"637b039017257","set_order":1,"title":"multivendor top","position":"top","sectionId":"6285dcf511651","photo":"https://firebasestorage.googleapis.com/v0/b/emart-8d99f.appspot.com/o/images%2Fcosmetic_banner.png?alt=media&token=b7cf95a9-a49c-45e1-8a27-a51325fc0a5c","is_publish":true},"637b047fcd817":{"title":"multivendor middle","photo":"https://firebasestorage.googleapis.com/v0/b/emart-8d99f.appspot.com/o/images%2Fhero_banner.png?alt=media&token=6eebdbdd-8ac6-448a-9f5e-1c176e0bf4fb","id":"637b047fcd817","position":"middle","set_order":1,"is_publish":true,"sectionId":"6285dcf511651"},"637b4c9aac166":{"set_order":2,"position":"middle","is_publish":true,"title":"ok","photo":"https://firebasestorage.googleapis.com/v0/b/emart-8d99f.appspot.com/o/images%2F3d-realistic-cosmetic-bottle-ads-600w-725617681.webp?alt=media&token=ccad7c86-440f-46de-8bfd-930d843ce26b","sectionId":"6285dcf511651","id":"637b4c9aac166"},"637b4d004f36b":{"is_publish":true,"title":"ok 2","sectionId":"6285dcf511651","id":"637b4d004f36b","photo":"https://firebasestorage.googleapis.com/v0/b/emart-8d99f.appspot.com/o/images%2Fcosmetic-cream-product-ads-against-600w-1837685677.webp?alt=media&token=3704c04c-6b79-4743-953d-922bc8f7264b","position":"top","set_order":3},"637b4d16918b4":{"photo":"https://firebasestorage.googleapis.com/v0/b/emart-8d99f.appspot.com/o/images%2Fcosmetic-cream-product-ads-against-600w-1837685677.webp?alt=media&token=976281c3-3129-4794-8868-12e949cc2c4b","sectionId":"6285dcf511651","title":"ok 3","position":"middle","id":"637b4d16918b4","is_publish":true,"set_order":3},"637b4d3e03e86":{"photo":"https://firebasestorage.googleapis.com/v0/b/emart-8d99f.appspot.com/o/images%2F3d-illustration-beauty-product-ad-600w-1784133944.webp?alt=media&token=f86a848e-520b-4f1a-9613-f82c8f792d02","title":"4","set_order":4,"sectionId":"6285dcf511651","is_publish":true,"id":"637b4d3e03e86","position":"middle"},"6392281b155c8":{"sectionId":"6285ddbfd9598","is_publish":true,"set_order":1,"title":"Food7","position":"top","id":"6392281b155c8","photo":"https://firebasestorage.googleapis.com/v0/b/emart-8d99f.appspot.com/o/images%2Frest32_1671542611907.jpg?alt=media&token=b4fce782-51f4-47b1-9a62-d513a33dc21a"},"639b13ab34260":{"photo":"https://firebasestorage.googleapis.com/v0/b/emart-8d99f.appspot.com/o/images%2Fphoto-1600891964599-f61ba0e24092_1671542460277.jpg?alt=media&token=0bc84a74-482d-494f-8516-6895c97e7112","title":"Food5","set_order":2,"is_publish":true,"id":"639b13ab34260","sectionId":"6285ddbfd9598","position":"middle"},"639b13fe1137c":{"set_order":2,"sectionId":"6285ddbfd9598","is_publish":false,"id":"639b13fe1137c","position":"top","title":"Food1","photo":"https://firebasestorage.googleapis.com/v0/b/emart-8d99f.appspot.com/o/images%2Fclasicvegpizza_1671541399158.webp?alt=media&token=a0f3609c-8613-459e-8429-4b3340957035"},"639b1438f2b9a":{"position":"top","title":"Food2","id":"639b1438f2b9a","is_publish":false,"photo":"https://firebasestorage.googleapis.com/v0/b/emart-8d99f.appspot.com/o/images%2Fburger6_1671542107795.jpg?alt=media&token=8b21d8b0-31dc-4fd1-9cfd-a724fe39fd34","sectionId":"6285ddbfd9598","set_order":3},"639b144df001b":{"set_order":3,"is_publish":false,"photo":"https://firebasestorage.googleapis.com/v0/b/emart-8d99f.appspot.com/o/images%2Fburger5_1671542238326.jpg?alt=media&token=68e2924c-ff58-4599-affe-98325ec73747","position":"middle","sectionId":"6285ddbfd9598","id":"639b144df001b","title":"Food3"},"639b14623439b":{"is_publish":true,"id":"639b14623439b","photo":"https://firebasestorage.googleapis.com/v0/b/emart-8d99f.appspot.com/o/images%2Fistockphoto-1081422898-612x612_1671542269368.jpg?alt=media&token=547ed450-c3e8-42bd-ab31-5bf9c15f3f25","position":"middle","set_order":4,"sectionId":"6285ddbfd9598","title":"Food4"},"63a1b6d6b18f2":{"position":"middle","is_publish":true,"sectionId":"6285ddbfd9598","id":"63a1b6d6b18f2","set_order":1,"photo":"https://firebasestorage.googleapis.com/v0/b/emart-8d99f.appspot.com/o/images%2Frest23_1671542511568.jpg?alt=media&token=c699a89f-0b0d-48f5-a547-89ffdb259ef9","title":"Food6"},"63a581dfa4a9d":{"position":"middle","sectionId":"6285dd3281531","id":"63a581dfa4a9d","title":"Ecommerce","set_order":3,"photo":"https://firebasestorage.googleapis.com/v0/b/emart-8d99f.appspot.com/o/images%2F976d5646c2bbc828c87a3757ce8c6abb_1671791132903.jpg?alt=media&token=9c299404-1377-406b-964b-7fccb1d9d821","is_publish":true}}}