{"brands":{"635d220870250":{"photo":"https://firebasestorage.googleapis.com/v0/b/emart-8d99f.appspot.com/o/images%2Fimage%2046.png?alt=media&token=be457463-d1d1-4f7f-b8c8-008606f0c15d","sectionId":"6285dd3281531","is_publish":true,"title":"French Style","id":"635d220870250"},"635d22aebba8f":{"sectionId":"6285dd3281531","id":"635d22aebba8f","title":"Louis Vuition","is_publish":true,"photo":"https://firebasestorage.googleapis.com/v0/b/emart-8d99f.appspot.com/o/images%2Fimage%2043.png?alt=media&token=7f4adf56-c15a-4e00-8b94-b61008942612"},"635d2911014c8":{"id":"635d2911014c8","title":"Gucci","is_publish":true,"sectionId":"6285dd3281531","photo":"https://firebasestorage.googleapis.com/v0/b/emart-8d99f.appspot.com/o/images%2Fimage%2045.png?alt=media&token=ddd0428e-4820-4924-aa63-2de6253d0674"},"636508927cf93":{"id":"636508927cf93","photo":"https://firebasestorage.googleapis.com/v0/b/emart-8d99f.appspot.com/o/images%2F2_big1.png?alt=media&token=f7380b41-acd7-4f4f-b33a-231489a15229","title":"Adidas","sectionId":"6285dd3281531","is_publish":true},"636508ac59042":{"title":"Lacoste","sectionId":"6285dd3281531","id":"636508ac59042","photo":"https://firebasestorage.googleapis.com/v0/b/emart-8d99f.appspot.com/o/images%2F22-min-2.jpg?alt=media&token=0cf84d15-5108-42c1-984f-bae3fc754440","is_publish":false},"636508ff7a9d0":{"title":"Aquiliq","is_publish":true,"sectionId":"6285dd3281531","id":"636508ff7a9d0","photo":"https://firebasestorage.googleapis.com/v0/b/emart-8d99f.appspot.com/o/images%2F4dbbc635284815.56f10fda1988c.jpg?alt=media&token=199ea22d-4021-4794-9817-1b918ec603d7"},"6368bd3828bde":{"title":"Noise","id":"6368bd3828bde","sectionId":"6285dd3281531","photo":"https://firebasestorage.googleapis.com/v0/b/emart-8d99f.appspot.com/o/images%2Fdownload%20(1).png?alt=media&token=6356abb1-ec55-4a1d-a623-10c4a759006f","is_publish":true},"638067ad82df8":{"is_publish":true,"sectionId":"6285dd3281531","id":"638067ad82df8","photo":"https://firebasestorage.googleapis.com/v0/b/emart-8d99f.appspot.com/o/images%2Fraymond_1669359656562.png?alt=media&token=b3acea19-0e80-4c89-8c69-178dbb2db253","title":"Raymond"},"6384aa323e8d3":{"title":"H&M","sectionId":"6285dd3281531","is_publish":true,"id":"6384aa323e8d3","photo":"https://firebasestorage.googleapis.com/v0/b/emart-8d99f.appspot.com/o/images%2FColors-of-the-HM-Logo_1669640845283.jpg?alt=media&token=42b8ce01-b8dc-4cc8-bc72-ab458910df61"},"63a937dfe6f6e":{"id":"63a937dfe6f6e","is_publish":false,"sectionId":"6285dd3281531","photo":"","title":"Titan"}}}