{"channel_participation":{"0M29nmuVv3MqGvFcL4T3":{"channel":"9nFeJcyweYXWi1I27Ur7wSRt1rF2ct60ySOGd6VS6R3JCFiFht2bACv1","user":"9nFeJcyweYXWi1I27Ur7wSRt1rF2"},"0s0je8mMQWldiWYCDw3Y":{"channel":"CxbKQjbKftcj0vjOpXZWHdvr9WY2ZqquRzGD5wd3bbxFThkQZIzbOcA3","user":"ZqquRzGD5wd3bbxFThkQZIzbOcA3"},"23MuIGveyMslZhOdxlP2":{"user":"DUh6MYhYZVOU9uAxwSsH2jQTUuy2","channel":"DUh6MYhYZVOU9uAxwSsH2jQTUuy2Y08DBlDzTDMjytmp0OEdF3OczNd2"},"2Tl1hRLyLY7JZ4Hgq59f":{"user":"tAbxSAug7xUphB9LnM0coth8Qjj1","channel":"OqUCXxlvX8S4OTjlC1x1iDvi0F22tAbxSAug7xUphB9LnM0coth8Qjj1"},"60mhyTwNZXQQY0arqYPJ":{"user":"74J8XSNwVSZcP63Sfhq3RvqNgqp2","channel":"74J8XSNwVSZcP63Sfhq3RvqNgqp2qCMJ3MQ13KVK4V5oqEJToPftuKA2"},"6cVtrn1QGAFzozq6V4Yv":{"user":"R43JUfzzU8Z7sjJ9iPAZ3HDgZhS2","channel":"FLqWJgRB7JfAiLgk9QDmHOyaXxn1R43JUfzzU8Z7sjJ9iPAZ3HDgZhS2"},"788a1HKjU69UZn5Y6ERr":{"user":"sISQSJnzw0hYCz9l1hhm8HtdyHC2","channel":"bFeJrwViLGhPDG4HOhOuwWEB8K43sISQSJnzw0hYCz9l1hhm8HtdyHC2"},"7GVghn4DVBi4hpg2b4Qq":{"user":"BDUNs7lyR9hnBNU0sGHWeq7B1Pf1","channel":"BDUNs7lyR9hnBNU0sGHWeq7B1Pf1EJ2gFAg2iyXypS0nUWhXZg09YcI2"},"7V8fhmCkCRLN4uWPTSKl":{"channel":"DUh6MYhYZVOU9uAxwSsH2jQTUuy2sISQSJnzw0hYCz9l1hhm8HtdyHC2","user":"DUh6MYhYZVOU9uAxwSsH2jQTUuy2"},"86yeKqg0R3UoOGg5EcTU":{"user":"qCMJ3MQ13KVK4V5oqEJToPftuKA2","channel":"74J8XSNwVSZcP63Sfhq3RvqNgqp2qCMJ3MQ13KVK4V5oqEJToPftuKA2"},"Ahe79JpJbqifKizI8vbb":{"channel":"XaYVOZ3FSgf0cPW3WVG9PvWnCk13ZqquRzGD5wd3bbxFThkQZIzbOcA3","user":"XaYVOZ3FSgf0cPW3WVG9PvWnCk13"},"C0U8gpicPKaX0iEgNrAd":{"user":"3ylOmUqs99dITn3PsaDioracemq2","channel":"3ylOmUqs99dITn3PsaDioracemq2FmKWwUmtyQeeZejrUDMSrn6dkLg2"},"C5QLYKZFqtnSQ8hA3NIB":{"user":"3Vdy0KrILBTmQRg2siqD9zkMvmy2","channel":"3Vdy0KrILBTmQRg2siqD9zkMvmy2ZqquRzGD5wd3bbxFThkQZIzbOcA3"},"DXcsqPU7FPPWZsU0MxX3":{"channel":"9nFeJcyweYXWi1I27Ur7wSRt1rF2ct60ySOGd6VS6R3JCFiFht2bACv1","user":"ct60ySOGd6VS6R3JCFiFht2bACv1"},"Ei87Aivjb7YLY0vZV7DT":{"user":"6LF1T9CwH6YFskTpntmED8Z8stX2","channel":"6LF1T9CwH6YFskTpntmED8Z8stX2jqVVvUjJR7MlacA7xn3ZbTXcr2j2"},"EnYI9tWcz4QUOnlrvVhu":{"user":"EJ2gFAg2iyXypS0nUWhXZg09YcI2","channel":"BDUNs7lyR9hnBNU0sGHWeq7B1Pf1EJ2gFAg2iyXypS0nUWhXZg09YcI2"},"EpEONbnZzlTi7XhGCAbv":{"user":"ZqquRzGD5wd3bbxFThkQZIzbOcA3","channel":"ZqquRzGD5wd3bbxFThkQZIzbOcA3jJjoI0Td8qgWT75bdrHfNbE70SW2"},"Ga3tfdHzgnyPBjsp0DKI":{"user":"jJjoI0Td8qgWT75bdrHfNbE70SW2","channel":"ZqquRzGD5wd3bbxFThkQZIzbOcA3jJjoI0Td8qgWT75bdrHfNbE70SW2"},"H2X0gVVAFStPBCI0RR6s":{"user":"AF3VPBCM8We1utFMexUgQnSVwYL2","channel":"AF3VPBCM8We1utFMexUgQnSVwYL2WieRK3WgL3UkqpDytmr2GRd7sA93"},"I8wQR2Dlq0iw6R13eVKK":{"user":"WfJaoUhSLlZShBou9eHVJr4p2mw1","channel":"WfJaoUhSLlZShBou9eHVJr4p2mw1dm8PW7h9bqRvsiiEzB5kLKhgwMu1"},"J5KdxCXZSjPBOcospHpr":{"channel":"BASzM5pdYca8Jn05DI5xBcJTXh92Y08DBlDzTDMjytmp0OEdF3OczNd2","user":"Y08DBlDzTDMjytmp0OEdF3OczNd2"},"MwqC4QKhQDrUlI9Z7zhy":{"user":"ZqquRzGD5wd3bbxFThkQZIzbOcA3","channel":"3Vdy0KrILBTmQRg2siqD9zkMvmy2ZqquRzGD5wd3bbxFThkQZIzbOcA3"},"PpBvu1W9tS83AL47TG2B":{"user":"kuhcUpM2PFWbwdnjU418DcQJYgt1","channel":"FLqWJgRB7JfAiLgk9QDmHOyaXxn1kuhcUpM2PFWbwdnjU418DcQJYgt1"},"PpzzHeHS7I5XtHtSgiYx":{"channel":"dzGQfVSaUrRmSqqs3uoMhp0pwB32jqVVvUjJR7MlacA7xn3ZbTXcr2j2","user":"jqVVvUjJR7MlacA7xn3ZbTXcr2j2"},"ROEVC5k94K4hnjbOK2U6":{"user":"74J8XSNwVSZcP63Sfhq3RvqNgqp2","channel":"74J8XSNwVSZcP63Sfhq3RvqNgqp2qCMJ3MQ13KVK4V5oqEJToPftuKA2"},"SpMztRMsb4fZI2L5fheB":{"user":"ArrvZvLpf4RZXwf5gaA9ZCuh14R2","channel":"ArrvZvLpf4RZXwf5gaA9ZCuh14R2sISQSJnzw0hYCz9l1hhm8HtdyHC2"},"UlsDbqLiiTtKgHMszhEz":{"user":"PdNij4vftsXfDlgJqxqjUm0NwQQ2","channel":"PdNij4vftsXfDlgJqxqjUm0NwQQ2WieRK3WgL3UkqpDytmr2GRd7sA93"},"W8JvvhP8ubi9lUQyoFtk":{"channel":"BASzM5pdYca8Jn05DI5xBcJTXh92qCMJ3MQ13KVK4V5oqEJToPftuKA2","user":"BASzM5pdYca8Jn05DI5xBcJTXh92"},"WYrIIMMJhIqXUKCFzsYe":{"channel":"bUBcZOyfDwSlK3Vw1VcED9gvUYx2zKijqxmvGzgImrECnultcCiFW3C3","user":"bUBcZOyfDwSlK3Vw1VcED9gvUYx2"},"X2o6DqdZOL5IGF7PmpNM":{"user":"qCMJ3MQ13KVK4V5oqEJToPftuKA2","channel":"Uy3O8CfY8QWDVbOpLEsLekVOqiq2qCMJ3MQ13KVK4V5oqEJToPftuKA2"},"X7rtjmLKB0q9vAC30TEP":{"user":"zKijqxmvGzgImrECnultcCiFW3C3","channel":"bUBcZOyfDwSlK3Vw1VcED9gvUYx2zKijqxmvGzgImrECnultcCiFW3C3"},"XUIUQjSoidVrUZhdUREg":{"user":"FLqWJgRB7JfAiLgk9QDmHOyaXxn1","channel":"FLqWJgRB7JfAiLgk9QDmHOyaXxn1R43JUfzzU8Z7sjJ9iPAZ3HDgZhS2"},"XkiTFSFm94EXfA9Mgkfo":{"channel":"BASzM5pdYca8Jn05DI5xBcJTXh92qCMJ3MQ13KVK4V5oqEJToPftuKA2","user":"qCMJ3MQ13KVK4V5oqEJToPftuKA2"},"b7ARYAZEblw9k2cBrgYk":{"channel":"dzGQfVSaUrRmSqqs3uoMhp0pwB32jqVVvUjJR7MlacA7xn3ZbTXcr2j2","user":"dzGQfVSaUrRmSqqs3uoMhp0pwB32"},"cjofm8uSde044eYmcvTx":{"user":"FmKWwUmtyQeeZejrUDMSrn6dkLg2","channel":"3ylOmUqs99dITn3PsaDioracemq2FmKWwUmtyQeeZejrUDMSrn6dkLg2"},"dSRR7zVJoWAk8NNBHHxR":{"channel":"FmKWwUmtyQeeZejrUDMSrn6dkLg2oP8v9IGp1BcU1aFREA0AxsEuqAm1","user":"FmKWwUmtyQeeZejrUDMSrn6dkLg2"},"ghlklViusLcaJDqYyZSd":{"user":"AHls5pxKOtfp07ZcXu7XiUYOukB3","channel":"AHls5pxKOtfp07ZcXu7XiUYOukB3qCMJ3MQ13KVK4V5oqEJToPftuKA2"},"graawvxm3ZVWyylo0qLB":{"user":"qCMJ3MQ13KVK4V5oqEJToPftuKA2","channel":"AHls5pxKOtfp07ZcXu7XiUYOukB3qCMJ3MQ13KVK4V5oqEJToPftuKA2"},"hQUSrvb61HQKwiefS3oz":{"user":"dm8PW7h9bqRvsiiEzB5kLKhgwMu1","channel":"WfJaoUhSLlZShBou9eHVJr4p2mw1dm8PW7h9bqRvsiiEzB5kLKhgwMu1"},"j1zsKKqkmTnT4AwBiUdO":{"user":"Uy3O8CfY8QWDVbOpLEsLekVOqiq2","channel":"Uy3O8CfY8QWDVbOpLEsLekVOqiq2qCMJ3MQ13KVK4V5oqEJToPftuKA2"},"jrKqp8q0rq7RjUzbv1ps":{"channel":"ZqquRzGD5wd3bbxFThkQZIzbOcA3jJjoI0Td8qgWT75bdrHfNbE70SW2","user":"ZqquRzGD5wd3bbxFThkQZIzbOcA3"},"koe44jgUZaYq4VS7gHPG":{"channel":"ZqquRzGD5wd3bbxFThkQZIzbOcA3jJjoI0Td8qgWT75bdrHfNbE70SW2","user":"jJjoI0Td8qgWT75bdrHfNbE70SW2"},"lTglLkV6U1WbUkbrbU9f":{"channel":"74J8XSNwVSZcP63Sfhq3RvqNgqp2qCMJ3MQ13KVK4V5oqEJToPftuKA2","user":"qCMJ3MQ13KVK4V5oqEJToPftuKA2"},"lfzwJGpEDsCYR6vZ6lR2":{"channel":"qCMJ3MQ13KVK4V5oqEJToPftuKA2uBicvmJc7GfMroAEGz7kuUGrpnk2","user":"uBicvmJc7GfMroAEGz7kuUGrpnk2"},"o7bRWB3DnVH4OYlKO49X":{"user":"sISQSJnzw0hYCz9l1hhm8HtdyHC2","channel":"DUh6MYhYZVOU9uAxwSsH2jQTUuy2sISQSJnzw0hYCz9l1hhm8HtdyHC2"},"oxjtEOv8zD3SLnQd2cA2":{"user":"FLqWJgRB7JfAiLgk9QDmHOyaXxn1","channel":"FLqWJgRB7JfAiLgk9QDmHOyaXxn1kuhcUpM2PFWbwdnjU418DcQJYgt1"},"qEWkplManPoSyHFYPZAu":{"user":"jqVVvUjJR7MlacA7xn3ZbTXcr2j2","channel":"6LF1T9CwH6YFskTpntmED8Z8stX2jqVVvUjJR7MlacA7xn3ZbTXcr2j2"},"qIB73p7f1Zsu59Rikza9":{"channel":"XaYVOZ3FSgf0cPW3WVG9PvWnCk13ZqquRzGD5wd3bbxFThkQZIzbOcA3","user":"ZqquRzGD5wd3bbxFThkQZIzbOcA3"},"ruoQuA2p0SN0PD6NcNYS":{"user":"bFeJrwViLGhPDG4HOhOuwWEB8K43","channel":"bFeJrwViLGhPDG4HOhOuwWEB8K43sISQSJnzw0hYCz9l1hhm8HtdyHC2"},"sHO8TPhiHDdTqo2ld29j":{"user":"WieRK3WgL3UkqpDytmr2GRd7sA93","channel":"AF3VPBCM8We1utFMexUgQnSVwYL2WieRK3WgL3UkqpDytmr2GRd7sA93"},"sUrvA9zNBnTnDGsVAJQF":{"user":"2Sm0qXeNdKMn9GoTVaa1yZcbilH2","channel":"2Sm0qXeNdKMn9GoTVaa1yZcbilH2OqUCXxlvX8S4OTjlC1x1iDvi0F22"},"t1BoW8livnq3zta9B3sz":{"channel":"ArrvZvLpf4RZXwf5gaA9ZCuh14R2sISQSJnzw0hYCz9l1hhm8HtdyHC2","user":"sISQSJnzw0hYCz9l1hhm8HtdyHC2"},"tvS1xW9WNpWQ3eSE63AX":{"channel":"BASzM5pdYca8Jn05DI5xBcJTXh92Y08DBlDzTDMjytmp0OEdF3OczNd2","user":"BASzM5pdYca8Jn05DI5xBcJTXh92"},"uONdQttF0gacuLO6tOb9":{"user":"jqVVvUjJR7MlacA7xn3ZbTXcr2j2","channel":"6hQCBYbg9wQY3zoHrM8qU8OlKiZ2jqVVvUjJR7MlacA7xn3ZbTXcr2j2"},"vqezgdqjabMln50NWccB":{"channel":"PdNij4vftsXfDlgJqxqjUm0NwQQ2WieRK3WgL3UkqpDytmr2GRd7sA93","user":"WieRK3WgL3UkqpDytmr2GRd7sA93"},"wPUCrSjIblUmTcYsrGao":{"user":"Y08DBlDzTDMjytmp0OEdF3OczNd2","channel":"DUh6MYhYZVOU9uAxwSsH2jQTUuy2Y08DBlDzTDMjytmp0OEdF3OczNd2"},"xAPxyZSLlTmzOaZbzkYH":{"user":"qCMJ3MQ13KVK4V5oqEJToPftuKA2","channel":"qCMJ3MQ13KVK4V5oqEJToPftuKA2uBicvmJc7GfMroAEGz7kuUGrpnk2"},"yUfFYxfEnhWBBn5rIhNj":{"user":"oP8v9IGp1BcU1aFREA0AxsEuqAm1","channel":"FmKWwUmtyQeeZejrUDMSrn6dkLg2oP8v9IGp1BcU1aFREA0AxsEuqAm1"}}}