{"channels":{"2Sm0qXeNdKMn9GoTVaa1yZcbilH2OqUCXxlvX8S4OTjlC1x1iDvi0F22":{"id":"2Sm0qXeNdKMn9GoTVaa1yZcbilH2OqUCXxlvX8S4OTjlC1x1iDvi0F22","lastMessageDate":{"_seconds":1666077787,"_nanoseconds":859778000},"name":"","creatorID":"OqUCXxlvX8S4OTjlC1x1iDvi0F22","lastMessage":"Nikolas jackson sent a message"},"3Vdy0KrILBTmQRg2siqD9zkMvmy2ZqquRzGD5wd3bbxFThkQZIzbOcA3":{"lastMessageDate":{"_seconds":1665669416,"_nanoseconds":807962000},"id":"3Vdy0KrILBTmQRg2siqD9zkMvmy2ZqquRzGD5wd3bbxFThkQZIzbOcA3","creatorID":"3Vdy0KrILBTmQRg2siqD9zkMvmy2","lastMessage":"Subham patel sent a message","name":""},"3ylOmUqs99dITn3PsaDioracemq2FmKWwUmtyQeeZejrUDMSrn6dkLg2":{"name":"","lastMessage":"Hi","lastMessageDate":{"_seconds":1669815226,"_nanoseconds":706855000},"id":"3ylOmUqs99dITn3PsaDioracemq2FmKWwUmtyQeeZejrUDMSrn6dkLg2","creatorID":"3ylOmUqs99dITn3PsaDioracemq2"},"6LF1T9CwH6YFskTpntmED8Z8stX2jqVVvUjJR7MlacA7xn3ZbTXcr2j2":{"lastMessage":"Nikolas Johns sent a message","id":"6LF1T9CwH6YFskTpntmED8Z8stX2jqVVvUjJR7MlacA7xn3ZbTXcr2j2","lastMessageDate":{"_seconds":1668770655,"_nanoseconds":832801000},"name":"","creatorID":"jqVVvUjJR7MlacA7xn3ZbTXcr2j2"},"6hQCBYbg9wQY3zoHrM8qU8OlKiZ2jqVVvUjJR7MlacA7xn3ZbTXcr2j2":{"lastMessage":"Nikolas Johns sent a message","name":"","lastMessageDate":{"_seconds":1669014062,"_nanoseconds":80429000},"id":"6hQCBYbg9wQY3zoHrM8qU8OlKiZ2jqVVvUjJR7MlacA7xn3ZbTXcr2j2","creatorID":"jqVVvUjJR7MlacA7xn3ZbTXcr2j2"},"74J8XSNwVSZcP63Sfhq3RvqNgqp2qCMJ3MQ13KVK4V5oqEJToPftuKA2":{"lastMessageDate":{"_seconds":1662292579,"_nanoseconds":211798000},"creatorID":"74J8XSNwVSZcP63Sfhq3RvqNgqp2","name":"","lastMessage":"H","id":"74J8XSNwVSZcP63Sfhq3RvqNgqp2qCMJ3MQ13KVK4V5oqEJToPftuKA2"},"9nFeJcyweYXWi1I27Ur7wSRt1rF2ct60ySOGd6VS6R3JCFiFht2bACv1":{"id":"9nFeJcyweYXWi1I27Ur7wSRt1rF2ct60ySOGd6VS6R3JCFiFht2bACv1","lastMessage":"Lol","creatorID":"9nFeJcyweYXWi1I27Ur7wSRt1rF2","lastMessageDate":{"_seconds":1663092503,"_nanoseconds":732793000},"name":""},"AF3VPBCM8We1utFMexUgQnSVwYL2WieRK3WgL3UkqpDytmr2GRd7sA93":{"lastMessage":"hii","lastMessageDate":{"_seconds":1662123592,"_nanoseconds":135488000},"creatorID":"WieRK3WgL3UkqpDytmr2GRd7sA93","id":"AF3VPBCM8We1utFMexUgQnSVwYL2WieRK3WgL3UkqpDytmr2GRd7sA93","name":""},"AHls5pxKOtfp07ZcXu7XiUYOukB3qCMJ3MQ13KVK4V5oqEJToPftuKA2":{"lastMessage":"Hii","lastMessageDate":{"_seconds":1658992186,"_nanoseconds":59609000},"name":"","id":"AHls5pxKOtfp07ZcXu7XiUYOukB3qCMJ3MQ13KVK4V5oqEJToPftuKA2","creatorID":"qCMJ3MQ13KVK4V5oqEJToPftuKA2"},"ArrvZvLpf4RZXwf5gaA9ZCuh14R2sISQSJnzw0hYCz9l1hhm8HtdyHC2":{"id":"ArrvZvLpf4RZXwf5gaA9ZCuh14R2sISQSJnzw0hYCz9l1hhm8HtdyHC2","lastMessageDate":{"_seconds":1657546093,"_nanoseconds":131485000},"lastMessage":"hi","creatorID":"sISQSJnzw0hYCz9l1hhm8HtdyHC2","name":""},"BASzM5pdYca8Jn05DI5xBcJTXh92Y08DBlDzTDMjytmp0OEdF3OczNd2":{"id":"BASzM5pdYca8Jn05DI5xBcJTXh92Y08DBlDzTDMjytmp0OEdF3OczNd2","lastMessageDate":{"_seconds":1657693424,"_nanoseconds":227329000},"creatorID":"Y08DBlDzTDMjytmp0OEdF3OczNd2","name":"","lastMessage":"Hello"},"BASzM5pdYca8Jn05DI5xBcJTXh92qCMJ3MQ13KVK4V5oqEJToPftuKA2":{"creatorID":"BASzM5pdYca8Jn05DI5xBcJTXh92","lastMessage":"Hello","lastMessageDate":{"_seconds":1658992199,"_nanoseconds":695824000},"id":"BASzM5pdYca8Jn05DI5xBcJTXh92qCMJ3MQ13KVK4V5oqEJToPftuKA2","name":""},"BDUNs7lyR9hnBNU0sGHWeq7B1Pf1EJ2gFAg2iyXypS0nUWhXZg09YcI2":{"id":"BDUNs7lyR9hnBNU0sGHWeq7B1Pf1EJ2gFAg2iyXypS0nUWhXZg09YcI2","lastMessage":"B","lastMessageDate":{"_seconds":1662211976,"_nanoseconds":497433000},"name":"","creatorID":"BDUNs7lyR9hnBNU0sGHWeq7B1Pf1"},"CfLUmz6T7cZMy6uwI0h5dmORz6q1OqUCXxlvX8S4OTjlC1x1iDvi0F22":{"lastMessage":"Denver driver sent a message","lastMessageDate":{"_seconds":1668519408,"_nanoseconds":157970000},"name":"","creatorID":"CfLUmz6T7cZMy6uwI0h5dmORz6q1","id":"CfLUmz6T7cZMy6uwI0h5dmORz6q1OqUCXxlvX8S4OTjlC1x1iDvi0F22"},"CxbKQjbKftcj0vjOpXZWHdvr9WY2ZqquRzGD5wd3bbxFThkQZIzbOcA3":{"lastMessage":"Ali user sent a message","name":"","creatorID":"ZqquRzGD5wd3bbxFThkQZIzbOcA3","id":"CxbKQjbKftcj0vjOpXZWHdvr9WY2ZqquRzGD5wd3bbxFThkQZIzbOcA3","lastMessageDate":{"_seconds":1663593676,"_nanoseconds":723676000}},"DUh6MYhYZVOU9uAxwSsH2jQTUuy2Y08DBlDzTDMjytmp0OEdF3OczNd2":{"lastMessage":"Now next","lastMessageDate":{"_seconds":1657693402,"_nanoseconds":803778000},"name":"","id":"DUh6MYhYZVOU9uAxwSsH2jQTUuy2Y08DBlDzTDMjytmp0OEdF3OczNd2","creatorID":"DUh6MYhYZVOU9uAxwSsH2jQTUuy2"},"DUh6MYhYZVOU9uAxwSsH2jQTUuy2sISQSJnzw0hYCz9l1hhm8HtdyHC2":{"creatorID":"sISQSJnzw0hYCz9l1hhm8HtdyHC2","id":"DUh6MYhYZVOU9uAxwSsH2jQTUuy2sISQSJnzw0hYCz9l1hhm8HtdyHC2","name":"","lastMessage":"Hello","lastMessageDate":{"_seconds":1657691816,"_nanoseconds":763758000}},"FLqWJgRB7JfAiLgk9QDmHOyaXxn1R43JUfzzU8Z7sjJ9iPAZ3HDgZhS2":{"lastMessage":"Trst","name":"","lastMessageDate":{"_seconds":1665622437,"_nanoseconds":917175000},"creatorID":"FLqWJgRB7JfAiLgk9QDmHOyaXxn1","id":"FLqWJgRB7JfAiLgk9QDmHOyaXxn1R43JUfzzU8Z7sjJ9iPAZ3HDgZhS2"},"FLqWJgRB7JfAiLgk9QDmHOyaXxn1kuhcUpM2PFWbwdnjU418DcQJYgt1":{"lastMessage":"Client","lastMessageDate":{"_seconds":1665626913,"_nanoseconds":360879000},"name":"","creatorID":"FLqWJgRB7JfAiLgk9QDmHOyaXxn1","id":"FLqWJgRB7JfAiLgk9QDmHOyaXxn1kuhcUpM2PFWbwdnjU418DcQJYgt1"},"FmKWwUmtyQeeZejrUDMSrn6dkLg2oP8v9IGp1BcU1aFREA0AxsEuqAm1":{"lastMessage":"Hii","id":"FmKWwUmtyQeeZejrUDMSrn6dkLg2oP8v9IGp1BcU1aFREA0AxsEuqAm1","creatorID":"oP8v9IGp1BcU1aFREA0AxsEuqAm1","name":"","lastMessageDate":{"_seconds":1658298217,"_nanoseconds":599788000}},"OqUCXxlvX8S4OTjlC1x1iDvi0F22tAbxSAug7xUphB9LnM0coth8Qjj1":{"lastMessage":"Taylor driver sent a message","id":"OqUCXxlvX8S4OTjlC1x1iDvi0F22tAbxSAug7xUphB9LnM0coth8Qjj1","lastMessageDate":{"_seconds":1667475188,"_nanoseconds":499866000},"name":"","creatorID":"tAbxSAug7xUphB9LnM0coth8Qjj1"},"PdNij4vftsXfDlgJqxqjUm0NwQQ2WieRK3WgL3UkqpDytmr2GRd7sA93":{"lastMessageDate":{"_seconds":1662634985,"_nanoseconds":596159000},"name":"","lastMessage":"Hiii","id":"PdNij4vftsXfDlgJqxqjUm0NwQQ2WieRK3WgL3UkqpDytmr2GRd7sA93","creatorID":"WieRK3WgL3UkqpDytmr2GRd7sA93"},"Uy3O8CfY8QWDVbOpLEsLekVOqiq2qCMJ3MQ13KVK4V5oqEJToPftuKA2":{"lastMessage":"J","id":"Uy3O8CfY8QWDVbOpLEsLekVOqiq2qCMJ3MQ13KVK4V5oqEJToPftuKA2","name":"","creatorID":"Uy3O8CfY8QWDVbOpLEsLekVOqiq2","lastMessageDate":{"_seconds":1662329270,"_nanoseconds":978537000}},"WfJaoUhSLlZShBou9eHVJr4p2mw1dm8PW7h9bqRvsiiEzB5kLKhgwMu1":{"id":"WfJaoUhSLlZShBou9eHVJr4p2mw1dm8PW7h9bqRvsiiEzB5kLKhgwMu1","creatorID":"dm8PW7h9bqRvsiiEzB5kLKhgwMu1","lastMessage":"Jjk","lastMessageDate":{"_seconds":1666231598,"_nanoseconds":509925000},"name":""},"XaYVOZ3FSgf0cPW3WVG9PvWnCk13ZqquRzGD5wd3bbxFThkQZIzbOcA3":{"lastMessage":"Hiii","creatorID":"XaYVOZ3FSgf0cPW3WVG9PvWnCk13","name":"","lastMessageDate":{"_seconds":1671087078,"_nanoseconds":567446000},"id":"XaYVOZ3FSgf0cPW3WVG9PvWnCk13ZqquRzGD5wd3bbxFThkQZIzbOcA3"},"ZqquRzGD5wd3bbxFThkQZIzbOcA3jJjoI0Td8qgWT75bdrHfNbE70SW2":{"id":"ZqquRzGD5wd3bbxFThkQZIzbOcA3jJjoI0Td8qgWT75bdrHfNbE70SW2","name":"","lastMessage":"Ali  user sent a message","creatorID":"ZqquRzGD5wd3bbxFThkQZIzbOcA3","lastMessageDate":{"_seconds":1669816706,"_nanoseconds":477803000}},"bFeJrwViLGhPDG4HOhOuwWEB8K43sISQSJnzw0hYCz9l1hhm8HtdyHC2":{"lastMessage":"hi","lastMessageDate":{"_seconds":1659425099,"_nanoseconds":888101000},"id":"bFeJrwViLGhPDG4HOhOuwWEB8K43sISQSJnzw0hYCz9l1hhm8HtdyHC2","name":"","creatorID":"sISQSJnzw0hYCz9l1hhm8HtdyHC2"},"bUBcZOyfDwSlK3Vw1VcED9gvUYx2zKijqxmvGzgImrECnultcCiFW3C3":{"lastMessage":"اهلا . معك الزبون","id":"bUBcZOyfDwSlK3Vw1VcED9gvUYx2zKijqxmvGzgImrECnultcCiFW3C3","name":"","lastMessageDate":{"_seconds":1662390214,"_nanoseconds":986699000},"creatorID":"zKijqxmvGzgImrECnultcCiFW3C3"},"dzGQfVSaUrRmSqqs3uoMhp0pwB32jqVVvUjJR7MlacA7xn3ZbTXcr2j2":{"id":"dzGQfVSaUrRmSqqs3uoMhp0pwB32jqVVvUjJR7MlacA7xn3ZbTXcr2j2","creatorID":"jqVVvUjJR7MlacA7xn3ZbTXcr2j2","lastMessageDate":{"_seconds":1668682090,"_nanoseconds":332370000},"name":"","lastMessage":"Nikolas Johns sent a message"},"qCMJ3MQ13KVK4V5oqEJToPftuKA2uBicvmJc7GfMroAEGz7kuUGrpnk2":{"name":"","creatorID":"qCMJ3MQ13KVK4V5oqEJToPftuKA2","lastMessage":"Hj","lastMessageDate":{"_seconds":1662375613,"_nanoseconds":286509000},"id":"qCMJ3MQ13KVK4V5oqEJToPftuKA2uBicvmJc7GfMroAEGz7kuUGrpnk2"}}}