{"cms_pages":{"6388ac8b01d81":{"name":"About us","slug":"about-us","id":"6388ac8b01d81","publish":true,"description":"<p><b>Since 2011, Siddhi Infosoft has been a leading Web and Mobile app development company in the USA, UK and, Canada for providing IT solutions to every industry sector out there. Our web and mobile app developers assist to deliver a memorable experience and services, that outsells and outshines your competitors online.</b></p>\n\n<p>We understand the challenges across business functions and recognize company values. With our razor-sharp strategy, we deliver customized and measurable solutions that perform. We aim to bring your ideas to life through our full-spectrum web and mobile app development services combined with our extensive industry experience that covers a wide array of industries with an international client base.</p>\n\n<p>During the initial stages of our journey, we started, working with small-scale companies. However, in due course, we have been successful in spreading our reputation and fame to get a chance to provide software solutions for bigger organizations. Our developers in the past have solved extreme challenges faced during developing stages and have been successful in achieving the target and pleasing the clients. We continue to put in our efforts until we get feedback of 100% fulfillment from our clients.</p>"}}}