{"complaints":{"Awb8pdTFEakkdwjyC85H":{"orderId":"V4oJlBoJEur38lsJ8gbd","id":"Awb8pdTFEakkdwjyC85H","customerId":"ZqquRzGD5wd3bbxFThkQZIzbOcA3","status":"Initiated","createdAt":{"_seconds":1669276693,"_nanoseconds":516480000},"driverId":"jbeEgGdWCUcaJpKFhyb7CeBtmB93","title":"Driving","customerName":"Ali  user","description":"The driver was driving badly","driverName":"Jaime Driver"},"KSV9enXGgtMf9135AvRc":{"driverId":"jbeEgGdWCUcaJpKFhyb7CeBtmB93","description":"I was not feel safe with this driver. ","title":"Safety","driverName":"Jaime Driver","createdAt":{"_seconds":1669189393,"_nanoseconds":276816000},"orderId":"KoQa6ciGwxQKpLUPtUG9","customerName":"Ali  user","id":"KSV9enXGgtMf9135AvRc","customerId":"ZqquRzGD5wd3bbxFThkQZIzbOcA3","status":"Resolved"},"Nv50HutrJORun4BKyJT4":{"driverId":"NfoolcY4zFZ9Gkn7njKztE7nOkv2","id":"Nv50HutrJORun4BKyJT4","driverName":"mahi vyas","customerName":"mahi vyas","orderId":"IhMxevD3Hy2EHFP39sWE","title":"driving","customerId":"8QH7zdkmDONjS5MTdhwJl5kFjPT2","description":"poor","createdAt":{"_seconds":1669285103,"_nanoseconds":877235000},"status":"Resolved"},"QpAH0Stur3zJk9pPXX6y":{"title":"Nice","driverId":"GchyfvbugzOhJrwZ65C9c1nWgwn2","driverName":"Johson Patel","createdAt":{"_seconds":1669262286,"_nanoseconds":324816000},"description":"of","status":"Initiated","id":"QpAH0Stur3zJk9pPXX6y","customerId":"Ns8qYoc3UJe9Je80mpOeP4GT9vv2","customerName":"Menil Radadiya  ","orderId":"TenonWlX4Q6wDzfBqQFQ"},"X8tYfMdCMXeT9i98rFaF":{"orderId":"VhWp82LVQ9An2lvjXOmZ","description":"Driver was very bad","driverId":"YDFZrMYaFPU5U5fzEmeqcqH52ky2","customerName":"Ali  user","title":"Driver","id":"X8tYfMdCMXeT9i98rFaF","driverName":"Nazoa driver","customerId":"ZqquRzGD5wd3bbxFThkQZIzbOcA3","status":"Initiated","createdAt":{"_seconds":1669276497,"_nanoseconds":665563000}},"chmimCIGIzNtwCnvdY4s":{"driverName":"Johson Patel","customerName":"Menil Radadiya  ","description":"AC not working","createdAt":{"_seconds":1669116556,"_nanoseconds":315103000},"customerId":"Ns8qYoc3UJe9Je80mpOeP4GT9vv2","id":"chmimCIGIzNtwCnvdY4s","status":"Initiated","orderId":"wcxHiuMyQgP4V0lsMTgE","title":"Nice","driverId":"GchyfvbugzOhJrwZ65C9c1nWgwn2"},"p8kUtHnnbNMzXOLbo6rF":{"driverName":"Jaime Driver","title":"Driving","id":"p8kUtHnnbNMzXOLbo6rF","createdAt":{"_seconds":1669189794,"_nanoseconds":467546000},"customerId":"ZqquRzGD5wd3bbxFThkQZIzbOcA3","description":"driving was very bad","orderId":"U9PMnGGZjm6gjyhvqJu6","status":"Resolved","customerName":"Ali  user","driverId":"jbeEgGdWCUcaJpKFhyb7CeBtmB93"},"uhzY4oyzD1AE7rFgaYbE":{"id":"uhzY4oyzD1AE7rFgaYbE","driverName":"Johson Patel","description":"cd","customerName":"Menil Radadiya  ","driverId":"GchyfvbugzOhJrwZ65C9c1nWgwn2","createdAt":{"_seconds":1669116472,"_nanoseconds":833753000},"customerId":"Ns8qYoc3UJe9Je80mpOeP4GT9vv2","orderId":"F1EwQdW3N1B07tKbZDt1","title":"cd","status":"Initiated"}}}