{"coupons":{"617fccb6de933":{"isEnabled":true,"discount":"10","section_id":"","code":"10OFF","id":"617fccb6de933","expiresAt":{"_seconds":1669832999,"_nanoseconds":44000000},"image":"","vendorID":"","discountType":"Fix Price","description":"10OFF for all"},"6273e1c739393":{"expiresAt":{"_seconds":1669573799,"_nanoseconds":891000000},"discountType":"Percentage","discount":"5","image":"","section_id":"6285dd3281531","isEnabled":true,"description":"FashionSale offer","vendorID":"MhWKfIzgP6SbFN3XX1dQ","code":"FashionSale","id":"6273e1c739393"},"62cd6f409ccbf":{"discount":"10","discountType":"Percentage","vendorID":"o5xe3oLlHFxYiY8IOmLa","code":"Fashion10","expiresAt":{"_seconds":1677522600,"_nanoseconds":0},"image":"https://firebasestorage.googleapis.com/v0/b/emart-8d99f.appspot.com/o/images%2Fwomen%20kurti.webp?alt=media&token=86b7d2f5-ac10-419e-bc79-4eb1a3539f26","description":"","id":"62cd6f409ccbf","isEnabled":true},"62cd72d8b641f":{"vendorID":"","discountType":"Percentage","code":"OffAll","expiresAt":{"_seconds":1664562599,"_nanoseconds":999000000},"description":"offer for all","image":"","id":"62cd72d8b641f","isEnabled":true,"discount":"5"},"62d10072211e6":{"id":"62d10072211e6","code":"SuperSale","isEnabled":true,"vendorID":"o5xe3oLlHFxYiY8IOmLa","discount":"14","expiresAt":{"_seconds":1684953000,"_nanoseconds":0},"description":"","discountType":"Percentage","image":"https://firebasestorage.googleapis.com/v0/b/emart-8d99f.appspot.com/o/images%2Fapp_icon_512x512.png?alt=media&token=edbb0ed3-105c-4192-9a93-3358b0a12fe2"},"62d64b7163078":{"id":"62d64b7163078","discountType":"Fix Price","discount":"10","description":"Discount per 10 rs.","image":"https://firebasestorage.googleapis.com/v0/b/emart-8d99f.appspot.com/o/images%2Fcategorytest.png?alt=media&token=79a43a29-2380-4359-8a55-f1561e80309f","vendorID":"tAGGjKSyEdurakb0h7KU","isEnabled":true,"code":"MAX10","expiresAt":{"_seconds":1670696999,"_nanoseconds":999000000},"section_id":"mj88DvfUvvgt2HJzwldc"},"62e22f6201ddc":{"expiresAt":{"_seconds":1660328999,"_nanoseconds":999000000},"vendorID":"MAA694QWVu04PVzsOpRH","image":"https://firebasestorage.googleapis.com/v0/b/emart-8d99f.appspot.com/o/images%2Foffer_img5.png?alt=media&token=5ff3eb31-80b5-43bb-9031-52a2bd908a1b","description":"12% off","id":"62e22f6201ddc","discountType":"Fix Price","code":"OFF12","discount":"12","isEnabled":true,"section_id":"mj88DvfUvvgt2HJzwldc"},"62e3d0a455ee5":{"discount":"7","image":"","vendorID":"MAA694QWVu04PVzsOpRH","description":"7 fixed offer","discountType":"Fix Price","isEnabled":true,"code":"7OFF","id":"62e3d0a455ee5","section_id":"mj88DvfUvvgt2HJzwldc","expiresAt":{"_seconds":1662834599,"_nanoseconds":999000000}},"62e7aa2145acd":{"id":"62e7aa2145acd","isEnabled":true,"expiresAt":{"_seconds":1661970599,"_nanoseconds":999000000},"code":"FLAT10","description":"testnig for coupen","image":"","vendorID":"zhaCB4t2kPurGjkaEDpK","discountType":"Fix Price","discount":"2"},"62ea13ddea1e7":{"vendorID":"mMtmrI7NxSW6Lawi2p7k","isEnabled":true,"discountType":"Percentage","discount":"20","code":"USE20%","section_id":"6285ddbfd9598","description":"testing","expiresAt":{"_seconds":1672597799,"_nanoseconds":999000000},"id":"62ea13ddea1e7","image":"https://firebasestorage.googleapis.com/v0/b/emart-8d99f.appspot.com/o/images%2Frestimage1_1671623575205.jpg?alt=media&token=0a8a3e6c-20b8-4486-8346-071835205a8b"},"62ea2b7778022":{"description":"","id":"62ea2b7778022","vendorID":"","image":"","expiresAt":{"_seconds":1661970599,"_nanoseconds":999000000},"isEnabled":false,"code":"x cxv cxv","discountType":"Percentage","discount":"23"},"62ea2e82ca3b6":{"section_id":"mj88DvfUvvgt2HJzwldc","id":"62ea2e82ca3b6","discount":"2","expiresAt":{"_seconds":1662056999,"_nanoseconds":999000000},"code":"C10","discountType":"Percentage","image":"","description":"testing","isEnabled":true,"vendorID":"MAA694QWVu04PVzsOpRH"},"6314a1b6999f9":{"isEnabled":true,"id":"6314a1b6999f9","discount":"40","vendorID":"3SPsx7IlSec03gfPd7Kk","expiresAt":{"_seconds":1667068199,"_nanoseconds":999000000},"description":"New 40% Discount Offer ","discountType":"Percent","image":"https://firebasestorage.googleapis.com/v0/b/emart-8d99f.appspot.com/o/images%2Fcategorytest.png?alt=media&token=ff4bb246-cd72-427a-b1cb-2c07fc4f951d","code":"New"},"6358e21f794bd":{"code":"2022","vendorID":"","section_id":"","discount":"500","discountType":"Fix Price","isEnabled":false,"id":"6358e21f794bd","description":"","expiresAt":{"_seconds":1667347199,"_nanoseconds":999000000},"image":""},"6358e314f097d":{"discount":"5","vendorID":"b8Cw84v70RUE61iH7Hgk","discountType":"Fix Price","code":"Foodies05","id":"6358e314f097d","section_id":"6285ddbfd9598","image":"","expiresAt":{"_seconds":1675189799,"_nanoseconds":999000000},"isEnabled":true,"description":"Foodies05"},"636528a8ee211":{"discountType":"Percentage","vendorID":"5K6Cs6wJONEKsEgNIx50","discount":"30","id":"636528a8ee211","image":"","code":"MIN30","section_id":"6285dd3281531","isEnabled":true,"expiresAt":{"_seconds":1706380199,"_nanoseconds":999000000},"description":"MIN 30% off"},"6375d647c96f3":{"id":"6375d647c96f3","description":"","expiresAt":{"_seconds":1672425000,"_nanoseconds":0},"image":"https://firebasestorage.googleapis.com/v0/b/emart-8d99f.appspot.com/o/images%2Fshutterstock_139007459.jpg?alt=media&token=f1b6b13a-debd-4434-9bc0-f688d76e91a3","isEnabled":true,"vendorID":"GwOyOwE8Pq5oAsFSFrr1","discountType":"Fix Price","discount":"15","code":"LM15"},"637b16e39a4c8":{"code":"FLAT10","section_id":"6285dcf511651","expiresAt":{"_seconds":1669832999,"_nanoseconds":999000000},"id":"637b16e39a4c8","isEnabled":true,"image":"https://firebasestorage.googleapis.com/v0/b/emart-8d99f.appspot.com/o/images%2Fshutterstock_139007459.jpg?alt=media&token=7ab1320c-b831-4809-b7a1-6a6d4a8431f3","description":"flat 10% discount","vendorID":"jrRUZdFnI9UZGQgkimeg","discountType":"Percentage","discount":"10"},"637dff2354a3a":{"discount":"10","discountType":"Percentage","id":"637dff2354a3a","image":"https://firebasestorage.googleapis.com/v0/b/emart-8d99f.appspot.com/o/images%2Fcontact-2_1669201722491.jpg?alt=media&token=846a0f49-3053-4f4f-b410-25fc8f179731","expiresAt":{"_seconds":1669660199,"_nanoseconds":999000000},"section_id":"","description":"testing","vendorID":"","code":"GG556","isEnabled":false},"637e10cca457c":{"expiresAt":{"_seconds":1669832999,"_nanoseconds":999000000},"description":"test","isEnabled":false,"id":"637e10cca457c","discountType":"Percent","vendorID":"kihsAQ3bIlUrcMFlmsKr","discount":"10","image":"https://firebasestorage.googleapis.com/v0/b/emart-8d99f.appspot.com/o/images%2Fcategorytest.png?alt=media&token=18c1f442-b64e-4988-8911-05a9801c7a1e","code":"GU5666"},"637e135381224":{"code":"DIY3434","discountType":"Percent","isEnabled":false,"discount":"10","id":"637e135381224","image":"https://firebasestorage.googleapis.com/v0/b/emart-8d99f.appspot.com/o/images%2F22_1669207178274.jpg?alt=media&token=15c00668-1d2b-49be-9908-6fb3c5cbc81d","vendorID":"kihsAQ3bIlUrcMFlmsKr","description":"testing","expiresAt":{"_seconds":1669746599,"_nanoseconds":999000000}},"637e149b55a57":{"id":"637e149b55a57","isEnabled":false,"discountType":"Percent","discount":"10","expiresAt":{"_seconds":1669660199,"_nanoseconds":999000000},"code":"DIR333","vendorID":"kihsAQ3bIlUrcMFlmsKr","image":"https://firebasestorage.googleapis.com/v0/b/emart-8d99f.appspot.com/o/images%2F28_1669207214879.jpg?alt=media&token=7d6c1330-0a7f-4f2f-ad2d-ccc8c7c0d63b","description":"testing"},"63809eab07455":{"discount":"10","vendorID":"N6vLt56wASa8LusWwEpl","expiresAt":{"_seconds":1669832999,"_nanoseconds":999000000},"image":"","isEnabled":false,"description":"test","code":"ASD123","id":"63809eab07455","discountType":"Fix Price","section_id":"6285dd3281531"},"63a2e29178695":{"isEnabled":true,"id":"63a2e29178695","description":"","image":"","discountType":"Percentage","discount":"10","code":"ECOM10","expiresAt":{"_seconds":1672511399,"_nanoseconds":999000000},"section_id":"6285dd3281531","vendorID":"8akcNIacIF7Nt4zLARpl"},"63a9715205112":{"id":"63a9715205112","discount":"10","vendorID":"R9vXfmN6El1xfGPjR7uY","section_id":"","discountType":"Percentage","image":"","expiresAt":{"_seconds":1675209599,"_nanoseconds":999000000},"isEnabled":true,"description":"Claim 10% discount for any orders over 50.","code":"10%over50spent"},"63a999d27eb7c":{"id":"63a999d27eb7c","code":"flat10","isEnabled":true,"image":"https://firebasestorage.googleapis.com/v0/b/emart-8d99f.appspot.com/o/images%2Fshutterstock_139007459_1672059372544.jpg?alt=media&token=c6cc2075-0ecc-438f-a5b7-5c64ea41ba99","vendorID":"8akcNIacIF7Nt4zLARpl","expiresAt":{"_seconds":1672511399,"_nanoseconds":999000000},"discount":"10","section_id":"","description":"ok","discountType":"Percentage"},"7BIyyff1KbLzEZgmDPgI":{"vendorID":"aZEoBGbcZmUZ80nOYzu4","section_id":"6285ddbfd9598","image":"https://firebasestorage.googleapis.com/v0/b/emart-8d99f.appspot.com/o/emartstore%2FofferImages%2F83824c35-4c0f-4b2d-8e3e-60edd123b817.png?alt=media&token=eca6a325-d104-4917-9452-4bdc9c75fae8","id":"7BIyyff1KbLzEZgmDPgI","isEnabled":true,"discountType":"Fix Price","code":"FoodOff","description":"","expiresAt":{"_seconds":1663698599,"_nanoseconds":999000000},"discount":"20"},"8CwqkmpLCbP1JrLQlXYA":{"discountType":"Percentage","vendorID":"GRHCWcMFtw1hSDOOl6yG","discount":"7","code":"PINKOFF7","image":"https://firebasestorage.googleapis.com/v0/b/emart-8d99f.appspot.com/o/emartstore%2FofferImages%2F710d2d2f-c451-42eb-a2e3-1105fc5fba27.png?alt=media&token=04c03962-72bd-4b91-a46a-ddb053eb162a","id":"8CwqkmpLCbP1JrLQlXYA","isEnabled":true,"description":"","expiresAt":{"_seconds":1654713000,"_nanoseconds":0}},"9hdSfAHI8RzTQAIYPMNu":{"vendorID":"Eb3Qp7ljEE6qml4BVitZ","expiresAt":{"_seconds":1671906600,"_nanoseconds":0},"description":"","isEnabled":true,"code":"Christmas","image":"","id":"9hdSfAHI8RzTQAIYPMNu","discountType":"Fix Price","discount":"20"},"C1ZBYoUoWwA1Vh37UmQQ":{"expiresAt":{"_seconds":1675103400,"_nanoseconds":0},"vendorID":"GwOyOwE8Pq5oAsFSFrr1","id":"C1ZBYoUoWwA1Vh37UmQQ","image":"https://firebasestorage.googleapis.com/v0/b/emart-8d99f.appspot.com/o/emartstore%2FofferImages%2F1678bf2f-e2cd-4330-a4e2-3a3c4d996790.png?alt=media&token=149a5872-5fb0-49c7-a87f-f76a36029699","discount":"10","discountType":"Percentage","description":"","isEnabled":true,"code":"LM10"},"DS5bYfSMgCnbURTOzPmd":{"vendorID":"2pSUDYEiVSM0nsoOML18","discountType":"Percentage","discount":"10","expiresAt":{"_seconds":1664476200,"_nanoseconds":0},"image":"","description":"","id":"DS5bYfSMgCnbURTOzPmd","code":"Free","isEnabled":true},"GPHYssXqO36IJRKrP7FE":{"description":"","expiresAt":{"_seconds":1674585000,"_nanoseconds":0},"section_id":"6285dd3281531","code":"F07","vendorID":"4bZg2TXp193BLBY214kp","discount":"7","id":"GPHYssXqO36IJRKrP7FE","image":"","isEnabled":true,"discountType":"Percentage"},"GVWDRr1vElbgTwQAJLyx":{"discountType":"Percentage","expiresAt":{"_seconds":1677522600,"_nanoseconds":0},"id":"GVWDRr1vElbgTwQAJLyx","discount":"20","description":"","isEnabled":true,"code":"F0020","image":"","vendorID":"Eb3Qp7ljEE6qml4BVitZ"},"J39m5gOwzHO04r7VKISb":{"description":"","section_id":"6285dd3281531","discountType":"Fix Price","vendorID":"MhWKfIzgP6SbFN3XX1dQ","id":"J39m5gOwzHO04r7VKISb","expiresAt":{"_seconds":1661884199,"_nanoseconds":999000000},"image":"","code":"Superoffer","isEnabled":true,"discount":"20"},"JATJmEesbYRNydA9bYaR":{"image":"","section_id":"","description":"","expiresAt":{"_seconds":1672425000,"_nanoseconds":0},"id":"JATJmEesbYRNydA9bYaR","discount":"20","code":"Christmas","discountType":"Fix Price","vendorID":"b8Cw84v70RUE61iH7Hgk","isEnabled":false},"KIYiWtmwuO2WBUqCmIcX":{"description":"","isEnabled":true,"expiresAt":{"_seconds":1657564200,"_nanoseconds":0},"discount":"20","vendorID":"GRHCWcMFtw1hSDOOl6yG","discountType":"Percentage","image":"https://firebasestorage.googleapis.com/v0/b/emart-8d99f.appspot.com/o/emartstore%2FofferImages%2F0f69e1b9-8370-4d53-8ff3-e26174dcbbf2.png?alt=media&token=ae354150-6b6b-473c-9e5a-9d158b038275","id":"KIYiWtmwuO2WBUqCmIcX","code":"SALEE20"},"Ks8tcGeImsrO2lM9HIur":{"id":"Ks8tcGeImsrO2lM9HIur","description":"","expiresAt":{"_seconds":1659205800,"_nanoseconds":0},"image":"","isEnabled":true,"vendorID":"zhaCB4t2kPurGjkaEDpK","code":"GET10","discount":"20","discountType":"Fix Price"},"Mf55X6Dzp1mi1d7ziXCp":{"isEnabled":true,"vendorID":"b8Cw84v70RUE61iH7Hgk","id":"Mf55X6Dzp1mi1d7ziXCp","expiresAt":{"_seconds":1672425000,"_nanoseconds":0},"image":"","discount":"5","code":"Food5","discountType":"Percentage","description":""},"N3YsLVb9f4dHE0DJ338w":{"discountType":"Fix Price","expiresAt":{"_seconds":1680201000,"_nanoseconds":0},"discount":"25","isEnabled":true,"vendorID":"GwOyOwE8Pq5oAsFSFrr1","image":"https://firebasestorage.googleapis.com/v0/b/emart-8d99f.appspot.com/o/emartstore%2FofferImages%2F0e803844-e6bb-4fb4-8271-41371198b8e5.png?alt=media&token=5b8f0b14-5e71-4400-9e6d-0606ae212b66","code":"LM25","id":"N3YsLVb9f4dHE0DJ338w","description":""},"NY2BFexlXmyVG37BDjrN":{"discountType":"Percentage","description":"","expiresAt":{"_seconds":1655404200,"_nanoseconds":0},"id":"NY2BFexlXmyVG37BDjrN","code":"DG10","vendorID":"7mYdd13sHvuvYy31SsFd","discount":"10","image":"https://firebasestorage.googleapis.com/v0/b/gromart-5dd93.appspot.com/o/gromart%2FofferImages%2F8e2276b1-bff9-4bd0-a74c-738ba3c1bb26.png?alt=media&token=aa68c6c8-8781-411a-8cee-b5fc88615921","isEnabled":true},"QIYtoowIzahQtzUwIbIJ":{"discountType":"Fix Price","expiresAt":{"_seconds":1674844200,"_nanoseconds":0},"image":"","id":"QIYtoowIzahQtzUwIbIJ","discount":"15","section_id":"6285dd3281531","code":"F15","vendorID":"4bZg2TXp193BLBY214kp","isEnabled":true,"description":""},"Qty93ArkRcceV5w7EjtD":{"vendorID":"Eb3Qp7ljEE6qml4BVitZ","description":"","image":"","discount":"15","discountType":"Fix Price","expiresAt":{"_seconds":1675103400,"_nanoseconds":0},"code":"F15","id":"Qty93ArkRcceV5w7EjtD","isEnabled":true},"RDeFbf9Olm0telHKKRrM":{"code":"5bigoffer","discount":"5","vendorID":"MAA694QWVu04PVzsOpRH","id":"RDeFbf9Olm0telHKKRrM","discountType":"Fix Price","isEnabled":true,"expiresAt":{"_seconds":1664476199,"_nanoseconds":999000000},"section_id":"mj88DvfUvvgt2HJzwldc","description":"fix 5 off","image":""},"RLUWWe5I33JeeYhQOt2o":{"description":"","expiresAt":{"_seconds":1677177000,"_nanoseconds":0},"id":"RLUWWe5I33JeeYhQOt2o","discount":"21","image":"","vendorID":"b8Cw84v70RUE61iH7Hgk","discountType":"Fix Price","isEnabled":true,"code":"Food2"},"Sdr1yxjquX4vo6mN1cCe":{"vendorID":"DsiSyv2Vp2BAircXCo68","discountType":"Percentage","image":"https://firebasestorage.googleapis.com/v0/b/emart-8d99f.appspot.com/o/emartstore%2FofferImages%2F62fac491-9c4e-4955-9b98-5a0cce290709.png?alt=media&token=3e970002-b8e8-46b1-9e0e-197ec7b06b32","id":"Sdr1yxjquX4vo6mN1cCe","code":"1234","expiresAt":{"_seconds":1668715200,"_nanoseconds":0},"isEnabled":false,"discount":"10","description":""},"SluMVa0xaAyBm9UPBl2u":{"vendorID":"Eb3Qp7ljEE6qml4BVitZ","id":"SluMVa0xaAyBm9UPBl2u","description":"","expiresAt":{"_seconds":1675103400,"_nanoseconds":0},"code":"Fashion20","isEnabled":true,"image":"","discountType":"Fix Price","discount":"20"},"VjoKWLRcikV5ecY2Z3zx":{"expiresAt":{"_seconds":1675103400,"_nanoseconds":0},"vendorID":"R9vXfmN6El1xfGPjR7uY","isEnabled":true,"id":"VjoKWLRcikV5ecY2Z3zx","description":"","discount":"9","image":"","section_id":"6285ddbfd9598","code":"FS09","discountType":"Percentage"},"WMSqheAJ32fmLlBAvX3P":{"id":"WMSqheAJ32fmLlBAvX3P","discountType":"Fix Price","vendorID":"o5xe3oLlHFxYiY8IOmLa","expiresAt":{"_seconds":1672425000,"_nanoseconds":0},"image":"","isEnabled":true,"description":"","discount":"22","code":"SaleFC22"},"X2P0uTpdjYSL9wX9v3cb":{"code":"sale10","discount":"10","expiresAt":{"_seconds":1661970599,"_nanoseconds":999000000},"image":"https://firebasestorage.googleapis.com/v0/b/emart-8d99f.appspot.com/o/emartstore%2FofferImages%2F2f7f9bd2-00ca-4f77-a0a5-ba35c0036fd5.png?alt=media&token=e3090a01-606e-43a5-b9cd-9fd1afec9f87","section_id":"6285dd3281531","description":"","discountType":"Percentage","id":"X2P0uTpdjYSL9wX9v3cb","vendorID":"L4kMgV5WZUNex55grBSo","isEnabled":true},"YEPjQasjSqbf9nuCPE8J":{"discount":"15","section_id":"6285dd3281531","description":"","image":"https://firebasestorage.googleapis.com/v0/b/gromart-5dd93.appspot.com/o/gromart%2FofferImages%2Fa9b0caee-4156-431a-99d4-471fc76138d8.png?alt=media&token=125e2b42-a561-4d32-82ae-352e0e7e1ea4","id":"YEPjQasjSqbf9nuCPE8J","discountType":"Percentage","code":"SG15","isEnabled":true,"expiresAt":{"_seconds":1662229799,"_nanoseconds":999000000},"vendorID":"MhWKfIzgP6SbFN3XX1dQ"},"akR4rlerc2pjeZFNrfqJ":{"vendorID":"xOozHttQwHqEAFB7hPco","expiresAt":{"_seconds":1663736400,"_nanoseconds":0},"image":"https://firebasestorage.googleapis.com/v0/b/emart-8d99f.appspot.com/o/emartstore%2FofferImages%2F82a6e176-886e-4034-a097-e57fa76aa736.png?alt=media&token=055c0af5-b18f-4766-9590-2ebdcd41760e","discountType":"Percentage","description":"","isEnabled":true,"id":"akR4rlerc2pjeZFNrfqJ","discount":"10","code":"LJYMV"},"cnihAxuxGQH9ig7WV6x3":{"expiresAt":{"_nanoseconds":0,"_seconds":1653935400},"description":"","image":"https://firebasestorage.googleapis.com/v0/b/gromart-5dd93.appspot.com/o/gromart%2FofferImages%2F8c9e8706-d724-42e5-b026-5feac0f24b0c.png?alt=media&token=342c7ed2-b29f-42d7-990e-6723699f9388","id":"cnihAxuxGQH9ig7WV6x3","code":"FG08","isEnabled":true,"discountType":"Percentage","vendorID":"cekNGnRkgUpGvenDjM09","discount":"8"},"fP55j8GVEOpjGdgxb7Rk":{"code":"Super10","expiresAt":{"_seconds":1660847399,"_nanoseconds":999000000},"discountType":"Percentage","vendorID":"MhWKfIzgP6SbFN3XX1dQ","description":"","image":"https://firebasestorage.googleapis.com/v0/b/gromart-5dd93.appspot.com/o/gromart%2FofferImages%2F5fc4d787-d7ad-4da7-9062-1849ad2d21ee.png?alt=media&token=a872e91a-6a36-44ba-8537-9909c490930d","id":"fP55j8GVEOpjGdgxb7Rk","isEnabled":true,"section_id":"6285dd3281531","discount":"10"},"fiK8Q6NcWRYFGIt2NI07":{"expiresAt":{"_seconds":1671993000,"_nanoseconds":0},"code":"Discount05","id":"fiK8Q6NcWRYFGIt2NI07","section_id":"","isEnabled":true,"description":"","vendorID":"b8Cw84v70RUE61iH7Hgk","discount":"5","discountType":"Fix Price","image":""},"gT2wWY2aPysJ3OAAbiIl":{"discountType":"Fix Price","code":"Discount05","id":"gT2wWY2aPysJ3OAAbiIl","image":"","discount":"5","isEnabled":true,"expiresAt":{"_seconds":1672857000,"_nanoseconds":0},"description":"","vendorID":"Eb3Qp7ljEE6qml4BVitZ"},"ltpHFrLXKYNWXtuVe9WU":{"description":"","discountType":"Fix Price","isEnabled":true,"vendorID":"cAh6d7xA3gK9TYRrM9Wx","image":"https://firebasestorage.googleapis.com/v0/b/emart-8d99f.appspot.com/o/emartstore%2FofferImages%2F62e70b4c-bccc-4441-88c8-ca2e4af4efdc.png?alt=media&token=6766e973-4289-485f-a01d-dada1449733d","code":"HEALTHAID22","discount":"100","expiresAt":{"_seconds":1672441200,"_nanoseconds":0},"id":"ltpHFrLXKYNWXtuVe9WU"},"mibq4pzTXjnNlj8xX4pX":{"id":"mibq4pzTXjnNlj8xX4pX","description":"","isEnabled":true,"expiresAt":{"_seconds":1677263400,"_nanoseconds":0},"image":"","discountType":"Percentage","vendorID":"Eb3Qp7ljEE6qml4BVitZ","discount":"5","code":"Fashion005"},"oX5vYS8DfDkiudv3vD5A":{"section_id":"6285dd3281531","code":"Sale25","image":"https://firebasestorage.googleapis.com/v0/b/emart-8d99f.appspot.com/o/emartstore%2FofferImages%2Febae0416-fd2d-4ee7-95cf-f88c1af7bc7f.png?alt=media&token=ae34f34f-de48-438d-be5f-a99060c6c3b1","isEnabled":true,"description":"","discountType":"Fix Price","vendorID":"L4kMgV5WZUNex55grBSo","id":"oX5vYS8DfDkiudv3vD5A","discount":"25","expiresAt":{"_seconds":1661970599,"_nanoseconds":999000000}},"pS8yYBLqAdTLZCJdhuFC":{"description":"","image":"","discount":"10","expiresAt":{"_seconds":1675103400,"_nanoseconds":0},"isEnabled":true,"vendorID":"mMtmrI7NxSW6Lawi2p7k","id":"pS8yYBLqAdTLZCJdhuFC","code":"FOoD10","discountType":"Percentage"},"qseGSnX47eyH8VJa54tr":{"code":"free","isEnabled":true,"discountType":"Percentage","id":"qseGSnX47eyH8VJa54tr","image":"https://firebasestorage.googleapis.com/v0/b/emart-8d99f.appspot.com/o/emartstore%2FofferImages%2Fb92df256-8eb6-4c81-b87d-7b43353e2aa3.png?alt=media&token=1b9aa42d-dd03-4383-b38c-a4933e33d23b","vendorID":"3SPsx7IlSec03gfPd7Kk","discount":"50","description":"","expiresAt":{"_seconds":1662229800,"_nanoseconds":0}},"u52g8DOmO8DSg2gp8Vjw":{"vendorID":"cekNGnRkgUpGvenDjM09","expiresAt":{"_nanoseconds":0,"_seconds":1652207400},"code":"FG05","description":"","id":"u52g8DOmO8DSg2gp8Vjw","discountType":"Percentage","image":"","discount":"5","isEnabled":true},"vdD7JptxUcO9yGu1uiM4":{"image":"https://firebasestorage.googleapis.com/v0/b/emart-8d99f.appspot.com/o/emartstore%2FofferImages%2F6b640d61-1cc6-4ff2-800d-6478855484a9.png?alt=media&token=c76bd396-a768-4db1-9772-bf0235a3cdbf","expiresAt":{"_seconds":1672511399,"_nanoseconds":999000000},"vendorID":"HTMYh8PEp4qqQD5sfVb0","discountType":"Fix Price","description":"","discount":"15","id":"vdD7JptxUcO9yGu1uiM4","code":"FoodieSale","section_id":"6285ddbfd9598","isEnabled":true},"wCFn9xvNm2gO4jYYLLtU":{"vendorID":"b8Cw84v70RUE61iH7Hgk","code":"Food15","image":"","description":"","discount":"15","isEnabled":true,"discountType":"Percentage","expiresAt":{"_seconds":1675103400,"_nanoseconds":0},"id":"wCFn9xvNm2gO4jYYLLtU"},"x7mWrHuIkkMKMHYXYLv3":{"id":"x7mWrHuIkkMKMHYXYLv3","code":"0","discount":"20","isEnabled":true,"vendorID":"Dmq8xdXhmMk8rlONHfCm","description":"","discountType":"Fix Price","expiresAt":{"_seconds":1664476200,"_nanoseconds":0},"image":""},"xIHrd60Nx2lxzI2wIdcW":{"id":"xIHrd60Nx2lxzI2wIdcW","discountType":"Percentage","isEnabled":true,"code":"OFFER7","section_id":"6285dd3281531","discount":"7","vendorID":"MhWKfIzgP6SbFN3XX1dQ","expiresAt":{"_seconds":1663784999,"_nanoseconds":999000000},"description":"","image":"https://firebasestorage.googleapis.com/v0/b/gromart-5dd93.appspot.com/o/gromart%2FofferImages%2Fc49933a7-a8a9-407f-b4cb-851324fd85df.png?alt=media&token=72f96665-c88f-4409-97e8-0ff2aaf73bf5"}}}