{"currencies":{"631655ca8dd85":{"symbol":"$","name":"US Dollar","country":"United States","id":"631655ca8dd85","symbolAtRight":false,"isActive":true,"decimal_degits":2,"code":"USD"},"6391a7ca97d83":{"id":"6391a7ca97d83","symbolAtRight":false,"name":"Rupiah","isActive":false,"decimal_degits":0,"country":"Indonesia","symbol":"Rp","code":"IDR"},"88mKknioLOQFC1TwqIZZ":{"id":"88mKknioLOQFC1TwqIZZ","symbol":"IQD","decimal_degits":0,"rounding":0,"country":"Iraq","code":"IQD","symbolAtRight":true,"isActive":false,"name":"Iraqi Dinar"},"Gp5lgnHCfVOPPD88PPak":{"rounding":0,"code":"INR","symbolAtRight":false,"symbol":"₹","decimal_degits":2,"country":"India","name":"INR","id":"Gp5lgnHCfVOPPD88PPak","isActive":false},"RPdjvUih1MDl5XNk28G3":{"id":"RPdjvUih1MDl5XNk28G3","decimal_degits":0,"code":"NGN","country":"Nigeria","symbol":"₦","name":"NGN","symbolAtRight":false,"isActive":false,"rounding":0},"vcGOWsFGtp8B9iQIGiWV":{"symbolAtRight":false,"decimal_degits":2,"isActive":false,"symbol":"€","rounding":0,"code":"EUR","country":"United Kingdom","id":"vcGOWsFGtp8B9iQIGiWV","name":"Euro"}}}