{"driver_payouts":{"2Wyyr3dnaFctmOreTpCi":{"amount":15,"paidDate":{"_seconds":1659089833,"_nanoseconds":203997000},"adminNote":"","id":"2Wyyr3dnaFctmOreTpCi","note":"15 deduct request from app","paymentStatus":"Success","driverID":"rVWseZIrRDaVXriKbASYrEW6V342"},"62d4f56ed17a5":{"paidDate":{"_seconds":1658123642,"_nanoseconds":824000000},"driverID":"EJ4N3Nn5ZxXnscQkVjLKH1OF9Qs2","note":"test","amount":5,"status":"Pending","id":"62d4f56ed17a5"},"62e7b3814b2ff":{"paymentStatus":"Success","amount":2,"id":"62e7b3814b2ff","note":"ok","paidDate":{"_seconds":1659351950,"_nanoseconds":242000000},"driverID":"rVWseZIrRDaVXriKbASYrEW6V342"},"62ea75ac3b3f3":{"driverID":"74J8XSNwVSZcP63Sfhq3RvqNgqp2","paidDate":{"_seconds":1659532733,"_nanoseconds":262000000},"amount":1,"id":"62ea75ac3b3f3","paymentStatus":"Success","note":"ok"},"62eb6e5193d9a":{"amount":5,"paidDate":{"_seconds":1659596419,"_nanoseconds":43000000},"id":"62eb6e5193d9a","driverID":"3Vdy0KrILBTmQRg2siqD9zkMvmy2","note":"deduct 5 from admin","paymentStatus":"Success"},"62eb6f9a0588f":{"note":"deduct 10 byy admin","driverID":"3Vdy0KrILBTmQRg2siqD9zkMvmy2","amount":10,"id":"62eb6f9a0588f","paymentStatus":"Success","paidDate":{"_seconds":1659596719,"_nanoseconds":873000000}},"637b1598c747a":{"note":"admin deduct ","paymentStatus":"Success","amount":20,"driverID":"6LF1T9CwH6YFskTpntmED8Z8stX2","id":"637b1598c747a","paidDate":{"_seconds":1669010867,"_nanoseconds":878000000}},"637b6f94c86fa":{"driverID":"6hQCBYbg9wQY3zoHrM8qU8OlKiZ2","note":"admin note","paidDate":{"_seconds":1669033895,"_nanoseconds":646000000},"amount":10,"paymentStatus":"Success","id":"637b6f94c86fa"},"637f0704166f4":{"driverID":"z9AOlPiu0ugLHO2jPPoejTxWphi2","note":"test","paidDate":{"_seconds":1669269268,"_nanoseconds":663000000},"paymentStatus":"Success","id":"637f0704166f4","amount":100},"637f079157c7a":{"paidDate":{"_seconds":1669269433,"_nanoseconds":430000000},"driverID":"z9AOlPiu0ugLHO2jPPoejTxWphi2","amount":100,"id":"637f079157c7a","paymentStatus":"Success","note":"test"},"6385e64acdc46":{"amount":100,"driverID":"6LF1T9CwH6YFskTpntmED8Z8stX2","note":"Se le ajusta el pago de esta semana ","paymentStatus":"Success","id":"6385e64acdc46","paidDate":{"_seconds":1669719681,"_nanoseconds":706000000}},"6386ef7a70fec":{"id":"6386ef7a70fec","amount":2,"driverID":"4IpIYr9wq4PrCBCT4G71dICKI512","paidDate":{"_seconds":1669787527,"_nanoseconds":665000000},"paymentStatus":"Success","note":"admin withdrawal"},"63ac51c61975a":{"paymentStatus":"Success","id":"63ac51c61975a","paidDate":{"_seconds":1672237550,"_nanoseconds":53000000},"note":"by admin","amount":0.4,"driverID":"jJjoI0Td8qgWT75bdrHfNbE70SW2"},"63ac5253e7079":{"note":"by admin","amount":3,"paidDate":{"_seconds":1672237693,"_nanoseconds":829000000},"driverID":"tN2LoJlHIIQalLmss9ITkvpVnjj1","id":"63ac5253e7079","paymentStatus":"Success"},"9Thosf2BozGDmEZo5tob":{"paymentStatus":"Success","note":"","driverID":"jJjoI0Td8qgWT75bdrHfNbE70SW2","id":"9Thosf2BozGDmEZo5tob","paidDate":{"_seconds":1672237413,"_nanoseconds":75057000},"adminNote":"","amount":18},"ItGRkvh4ZU0SVpiZ1MJr":{"note":"","driverID":"GchyfvbugzOhJrwZ65C9c1nWgwn2","paidDate":{"_seconds":1666934814,"_nanoseconds":975161000},"paymentStatus":"Success","adminNote":"","id":"ItGRkvh4ZU0SVpiZ1MJr","amount":100},"Jm8IuwprvdwaCfthfTrK":{"paidDate":{"_seconds":1658918259,"_nanoseconds":26006000},"amount":100,"id":"Jm8IuwprvdwaCfthfTrK","driverID":"74J8XSNwVSZcP63Sfhq3RvqNgqp2","note":"t","paymentStatus":"Success"},"LTZ8UOTOlGWfK8gngrqU":{"paidDate":{"_seconds":1669787454,"_nanoseconds":216684000},"paymentStatus":"Success","note":"app withdrawal ","driverID":"4IpIYr9wq4PrCBCT4G71dICKI512","amount":1,"id":"LTZ8UOTOlGWfK8gngrqU","adminNote":""},"jppTmGxfcqbLJKLCQMOo":{"amount":50.52,"adminNote":"","note":"driver deduct request sent","paidDate":{"_seconds":1669010780,"_nanoseconds":714181000},"id":"jppTmGxfcqbLJKLCQMOo","driverID":"6LF1T9CwH6YFskTpntmED8Z8stX2","paymentStatus":"Success"},"qLM3LRpQmZBK3CztcZyq":{"amount":50,"note":"test","paidDate":{"_seconds":1669033824,"_nanoseconds":836477000},"driverID":"6hQCBYbg9wQY3zoHrM8qU8OlKiZ2","id":"qLM3LRpQmZBK3CztcZyq","paymentStatus":"Success","adminNote":""},"qpQjpysQjzbbsz9N9TvC":{"paidDate":{"_seconds":1658996785,"_nanoseconds":490509000},"adminNote":"","paymentStatus":"Success","amount":20,"driverID":"rVWseZIrRDaVXriKbASYrEW6V342","id":"qpQjpysQjzbbsz9N9TvC","note":"20 deduct"},"tFSRA9NRm2lGCnlaPh7x":{"id":"tFSRA9NRm2lGCnlaPh7x","paidDate":{"_seconds":1669787548,"_nanoseconds":456931000},"adminNote":"","driverID":"4IpIYr9wq4PrCBCT4G71dICKI512","amount":1,"paymentStatus":"Reject","note":"app withdrawal "},"vTZySaFeNrBA1DMmzPF7":{"paidDate":{"_seconds":1666094630,"_nanoseconds":866383000},"id":"vTZySaFeNrBA1DMmzPF7","driverID":"2Sm0qXeNdKMn9GoTVaa1yZcbilH2","paymentStatus":"Success","note":"2 deduct request","adminNote":"","amount":2},"wsccm6IVuOHyzrMMbLj9":{"amount":5,"paymentStatus":"Reject","driverID":"rVWseZIrRDaVXriKbASYrEW6V342","adminNote":"","paidDate":{"_seconds":1658996865,"_nanoseconds":452364000},"note":"deduct 5","id":"wsccm6IVuOHyzrMMbLj9"},"wuowEpe91m3wZCUBSLBI":{"adminNote":"","paymentStatus":"Success","id":"wuowEpe91m3wZCUBSLBI","driverID":"tN2LoJlHIIQalLmss9ITkvpVnjj1","amount":30.4,"paidDate":{"_seconds":1672237620,"_nanoseconds":63819000},"note":"by driver "}}}