{"favorite_vendor":{"0Lwr8EZNfUjWcfbNLlWW":{"user_id":"ZqquRzGD5wd3bbxFThkQZIzbOcA3","section_id":null,"store_id":"MAA694QWVu04PVzsOpRH"},"24CXrPDRwohrinH6sYiw":{"user_id":"sISQSJnzw0hYCz9l1hhm8HtdyHC2","store_id":"pZGklBmGOvyPBF7at8qP"},"2Fh2JIBVYgezxCuBTIWe":{"store_id":"pmfRxoEg1XaiXtp6BPnj","user_id":"69feUmRD71Yl8MzSGXLhjrhCkkG3","section_id":"6285dcf511651"},"46RE8QhurLooDHpexBDF":{"user_id":"ZqquRzGD5wd3bbxFThkQZIzbOcA3","section_id":null,"store_id":"GwOyOwE8Pq5oAsFSFrr1"},"5Mxr67NdCtHrAkxa4gQF":{"user_id":"Ns8qYoc3UJe9Je80mpOeP4GT9vv2","section_id":null,"store_id":"m1X9IaDFgHOjjbgDWxa5"},"5SXV8QSwLLSkzhzRNTer":{"store_id":"MhWKfIzgP6SbFN3XX1dQ","user_id":"sISQSJnzw0hYCz9l1hhm8HtdyHC2"},"5ccmfe7un6hIzMzthS7U":{"store_id":"MAA694QWVu04PVzsOpRH","user_id":"OqUCXxlvX8S4OTjlC1x1iDvi0F22","section_id":null},"63875c17b8b5a":{"user_id":"UXxMZQmGeweCWBbKqdC65NUx3tk1","store_id":"N6vLt56wASa8LusWwEpl","section_id":""},"6389a7efa8f53":{"section_id":"","user_id":"9nFeJcyweYXWi1I27Ur7wSRt1rF2","store_id":"5K6Cs6wJONEKsEgNIx50"},"63a2fbfca9aa5":{"section_id":"","user_id":"cgQldiDwKNYEkHwm37Mcq42H9Ca2","store_id":"mMtmrI7NxSW6Lawi2p7k"},"63a94bc6afbff":{"store_id":"8akcNIacIF7Nt4zLARpl","user_id":"cgQldiDwKNYEkHwm37Mcq42H9Ca2","section_id":""},"63a94eea6a406":{"store_id":"4bZg2TXp193BLBY214kp","user_id":"cgQldiDwKNYEkHwm37Mcq42H9Ca2","section_id":""},"63a99a62668fc":{"section_id":"","user_id":"ZqquRzGD5wd3bbxFThkQZIzbOcA3","store_id":"KZRug8rzSvEfIH1h3kgK"},"63abf5743f109":{"user_id":"ZqquRzGD5wd3bbxFThkQZIzbOcA3","section_id":"","store_id":"mMtmrI7NxSW6Lawi2p7k"},"63abf734d3e94":{"section_id":"","store_id":"25nkmNNAG91R75yNrlJt","user_id":"fObE1hmasIVI00GArNBOvOvZIXC2"},"63abf7536df59":{"section_id":"","user_id":"fObE1hmasIVI00GArNBOvOvZIXC2","store_id":"BysaveNN6j8JwQUf5i2T"},"63abf7c7d351e":{"section_id":"","store_id":"FaaLaMCwAZbcUSEWkzWF","user_id":"fObE1hmasIVI00GArNBOvOvZIXC2"},"63ac06101c01f":{"user_id":"fObE1hmasIVI00GArNBOvOvZIXC2","store_id":"N6vLt56wASa8LusWwEpl","section_id":"6285dd3281531"},"7NniBtncyvSBF3HBh18H":{"user_id":"Ns8qYoc3UJe9Je80mpOeP4GT9vv2","section_id":null,"store_id":"PwyvJWKbipnqtOJmGxis"},"8VnFgSZzu5utCEo4trV0":{"store_id":"xOozHttQwHqEAFB7hPco","user_id":"0iHAy3yT5zTjwNthA8Grc0ncAHw1","section_id":"6285ddbfd9598"},"8mnmEynQHGlx35rMSbhH":{"user_id":"sISQSJnzw0hYCz9l1hhm8HtdyHC2","store_id":"Zr2YadPZ9mUuwUDj4Yxr"},"9BieGx3z4cp6Qa0Xw20C":{"store_id":"m1X9IaDFgHOjjbgDWxa5","user_id":"ZqquRzGD5wd3bbxFThkQZIzbOcA3","section_id":null},"9m4XMIrj5ZGbTYFjFxRX":{"store_id":"YvZWapZ0HEuteONuLdTN","user_id":"uJlys5d1Tsbx99yboowMUvo2VM02"},"AG574IqA4f5BAQdJnSXW":{"user_id":"ZqquRzGD5wd3bbxFThkQZIzbOcA3","section_id":"6285dcf511651","store_id":"fWgqdFXk18LdCLxDMewd"},"AXWoLTi8awyeYVPd1WN2":{"user_id":"sISQSJnzw0hYCz9l1hhm8HtdyHC2","store_id":"MhWKfIzgP6SbFN3XX1dQ"},"CSpm3y9Envppnzxu0KCa":{"user_id":"OqUCXxlvX8S4OTjlC1x1iDvi0F22","store_id":"MAA694QWVu04PVzsOpRH","section_id":null},"DjBqddvRgDk71DrfH875":{"user_id":"ZqquRzGD5wd3bbxFThkQZIzbOcA3","section_id":null,"store_id":"GwOyOwE8Pq5oAsFSFrr1"},"FgzQo8tUN6ZdUfOKfCsA":{"section_id":"6285dcf511651","user_id":"Y08DBlDzTDMjytmp0OEdF3OczNd2","store_id":"PJyyUSY22QInqbkVpZtD"},"G70hgHem8qAWxceAg5ft":{"section_id":"6285dd3281531","user_id":"ZqquRzGD5wd3bbxFThkQZIzbOcA3","store_id":"zbNuYSeV4DjV2vQMlXsg"},"GMO8D1fsjpj1nnX3vKKm":{"user_id":"Ns8qYoc3UJe9Je80mpOeP4GT9vv2","store_id":"PwyvJWKbipnqtOJmGxis","section_id":null},"GpI4CFi0FNpZf5wQglt8":{"store_id":"MhWKfIzgP6SbFN3XX1dQ","user_id":"Y08DBlDzTDMjytmp0OEdF3OczNd2"},"Gswfy9oXnRPfsGuo3HD5":{"store_id":"GwOyOwE8Pq5oAsFSFrr1","section_id":null,"user_id":"OqUCXxlvX8S4OTjlC1x1iDvi0F22"},"H9lh93JXkKMdn2EtHctO":{"store_id":"m5seqfyeLhr8R2OpiLVF","user_id":"Y08DBlDzTDMjytmp0OEdF3OczNd2"},"ICjbIRmzfatUC9YD5LBv":{"user_id":"OqUCXxlvX8S4OTjlC1x1iDvi0F22","section_id":null,"store_id":"m1X9IaDFgHOjjbgDWxa5"},"If60kqBnRGRNDeHD7VmA":{"section_id":"6285dd3281531","user_id":"ZqquRzGD5wd3bbxFThkQZIzbOcA3","store_id":"4bZg2TXp193BLBY214kp"},"J9B9kAoEr7HR1FNocUf4":{"user_id":"sISQSJnzw0hYCz9l1hhm8HtdyHC2","store_id":"Zr2YadPZ9mUuwUDj4Yxr"},"J9lYXOSrNmCAsXraPf4Q":{"user_id":"ZqquRzGD5wd3bbxFThkQZIzbOcA3","store_id":"m1X9IaDFgHOjjbgDWxa5","section_id":null},"JkzMV0273ZjGwEYAvOIu":{"user_id":"Ns8qYoc3UJe9Je80mpOeP4GT9vv2","store_id":"jrRUZdFnI9UZGQgkimeg","section_id":null},"Lrw3VEp6hNeoOKslKOr3":{"user_id":"qCMJ3MQ13KVK4V5oqEJToPftuKA2","store_id":"xy7n422pxjlNJt2s9bW1","section_id":"6285ddbfd9598"},"O91g1Avi32k7FcLTnJMI":{"user_id":"Ns8qYoc3UJe9Je80mpOeP4GT9vv2","section_id":null,"store_id":"PwyvJWKbipnqtOJmGxis"},"PCIDRv4zPVdPupxUxP9M":{"store_id":"sIlpCnJ797MCQ7XqJHx8","user_id":"sISQSJnzw0hYCz9l1hhm8HtdyHC2"},"S6FYMhKdEhjCL6b7MH0g":{"user_id":"sISQSJnzw0hYCz9l1hhm8HtdyHC2","store_id":"MhWKfIzgP6SbFN3XX1dQ"},"S9e9uW0zBAbWHCTCkPka":{"section_id":null,"user_id":"ZqquRzGD5wd3bbxFThkQZIzbOcA3","store_id":"GwOyOwE8Pq5oAsFSFrr1"},"SDPhO8T3YmE0oZrsXwbb":{"user_id":"OqUCXxlvX8S4OTjlC1x1iDvi0F22","section_id":null,"store_id":"GwOyOwE8Pq5oAsFSFrr1"},"TbcHcHuIKhZ5399bFIQN":{"store_id":"L4kMgV5WZUNex55grBSo","user_id":"sISQSJnzw0hYCz9l1hhm8HtdyHC2"},"To5Ad23aOHd5ZqdIV3Vy":{"user_id":"qCMJ3MQ13KVK4V5oqEJToPftuKA2","section_id":"mj88DvfUvvgt2HJzwldc","store_id":"9UACE5mBsbyzlQ42fIHc"},"UXDAyUS9I7PEbZhAFn5g":{"store_id":"HTMYh8PEp4qqQD5sfVb0","section_id":"6285ddbfd9598","user_id":"ZqquRzGD5wd3bbxFThkQZIzbOcA3"},"WP5skAOJ8k846pH2m1Y7":{"user_id":"jqVVvUjJR7MlacA7xn3ZbTXcr2j2","store_id":"GwOyOwE8Pq5oAsFSFrr1","section_id":"6319dc53314ee"},"YTrZ8KcwyTHsEOl8VlhG":{"user_id":"sISQSJnzw0hYCz9l1hhm8HtdyHC2","store_id":"neWKjutfE6MrAUZuZfk0"},"YckybGo0CFaD8E4i5N4T":{"store_id":"tezGj7kg7PtQoJiQrhiK","user_id":"sOfY3sSa6GRgIhOhLWQMT9fhaHr1"},"ZAzh11e5QrTqWfyUbl44":{"store_id":"GwOyOwE8Pq5oAsFSFrr1","user_id":"Ns8qYoc3UJe9Je80mpOeP4GT9vv2","section_id":null},"ZJsCzteHZ4ZPEc1iYYxm":{"store_id":"m5seqfyeLhr8R2OpiLVF","user_id":"uJlys5d1Tsbx99yboowMUvo2VM02"},"ZWNd7T857Wbj9e2Iht6x":{"user_id":"sISQSJnzw0hYCz9l1hhm8HtdyHC2","store_id":"neWKjutfE6MrAUZuZfk0"},"Zu8V1mwWT6iMZviW2tsL":{"user_id":"sISQSJnzw0hYCz9l1hhm8HtdyHC2","store_id":"m5seqfyeLhr8R2OpiLVF"},"cL545ieS0NkjnLEDD3t8":{"store_id":"GwOyOwE8Pq5oAsFSFrr1","user_id":"OqUCXxlvX8S4OTjlC1x1iDvi0F22","section_id":null},"d7S06HyAnPDqR3mOfSn4":{"store_id":"9qkoARkRrtrxkHNNJ136","section_id":"6285dcf511651","user_id":"Y08DBlDzTDMjytmp0OEdF3OczNd2"},"d7nNeEvoK63cs63uic3A":{"store_id":"sIlpCnJ797MCQ7XqJHx8","user_id":"Y08DBlDzTDMjytmp0OEdF3OczNd2"},"deKgYIZgDHBOlVUd6607":{"user_id":"Ns8qYoc3UJe9Je80mpOeP4GT9vv2","store_id":"CydicJ6JtPcfKbNZh0u9","section_id":null},"fCfnXYFaX7H45WqMKEnm":{"user_id":"uJlys5d1Tsbx99yboowMUvo2VM02","store_id":"WYLDuhlP063UOx3LmPBa"},"hM890hAiNRadgL1HJpZ6":{"user_id":"qCMJ3MQ13KVK4V5oqEJToPftuKA2","section_id":"mj88DvfUvvgt2HJzwldc","store_id":"MAA694QWVu04PVzsOpRH"},"hYMuNmCAVnzKki24ovAf":{"user_id":"sOfY3sSa6GRgIhOhLWQMT9fhaHr1","store_id":"pZGklBmGOvyPBF7at8qP"},"jzkkmUtBJrqJCoJPMIus":{"user_id":"Ns8qYoc3UJe9Je80mpOeP4GT9vv2","store_id":"KZRug8rzSvEfIH1h3kgK","section_id":null},"kPiC2vKAAhlyvEei6VFG":{"store_id":"sIlpCnJ797MCQ7XqJHx8","user_id":"sOfY3sSa6GRgIhOhLWQMT9fhaHr1"},"ktZeE5eLqDFE7ZqwLUXE":{"section_id":null,"store_id":"MAA694QWVu04PVzsOpRH","user_id":"OqUCXxlvX8S4OTjlC1x1iDvi0F22"},"lN4IQ7mzCD6GI6Q9CvpF":{"user_id":"ZqquRzGD5wd3bbxFThkQZIzbOcA3","section_id":"6319dc53314ee","store_id":"GwOyOwE8Pq5oAsFSFrr1"},"ll2YTQbyBhvuDyMRHhWF":{"section_id":null,"user_id":"OqUCXxlvX8S4OTjlC1x1iDvi0F22","store_id":"GwOyOwE8Pq5oAsFSFrr1"},"mJYBs2ofsw4PP5pyUe9n":{"user_id":"sISQSJnzw0hYCz9l1hhm8HtdyHC2","store_id":"sIlpCnJ797MCQ7XqJHx8"},"nFP4cfjUhZRIg3my9o12":{"store_id":"GwOyOwE8Pq5oAsFSFrr1","user_id":"Ns8qYoc3UJe9Je80mpOeP4GT9vv2","section_id":"6319dc53314ee"},"nWHCn5JRA652DIRAhLWV":{"store_id":"CydicJ6JtPcfKbNZh0u9","section_id":null,"user_id":"Ns8qYoc3UJe9Je80mpOeP4GT9vv2"},"s660zY7dqzHs4dQVAGqE":{"user_id":"sISQSJnzw0hYCz9l1hhm8HtdyHC2","store_id":"L4kMgV5WZUNex55grBSo"},"toZ80ZmswIOJrl1X8ks2":{"user_id":"ZqquRzGD5wd3bbxFThkQZIzbOcA3","section_id":"6285dd3281531","store_id":"Eb3Qp7ljEE6qml4BVitZ"},"utsizFKZwDgGRKIg2q2P":{"store_id":"GwOyOwE8Pq5oAsFSFrr1","section_id":null,"user_id":"OqUCXxlvX8S4OTjlC1x1iDvi0F22"},"wQFcL6DOPxvmf8jcB1tw":{"store_id":"Eb3Qp7ljEE6qml4BVitZ","section_id":"6285dd3281531","user_id":"Ns8qYoc3UJe9Je80mpOeP4GT9vv2"}}}