{"favorite_item":{"638988b83ef08":{"user_id":"9nFeJcyweYXWi1I27Ur7wSRt1rF2","product_id":"633ffb3a3cf5f","section_id":"","store_id":"CydicJ6JtPcfKbNZh0u9"},"63899a80154c9":{"product_id":"633ff58b7dfff","section_id":"","user_id":"Y08DBlDzTDMjytmp0OEdF3OczNd2","store_id":"CydicJ6JtPcfKbNZh0u9"},"6389a768e1104":{"user_id":"UXxMZQmGeweCWBbKqdC65NUx3tk1","product_id":"6374b34adca44","store_id":"N6vLt56wASa8LusWwEpl","section_id":""},"6389a77d153de":{"section_id":"","product_id":"633ffb3a3cf5f","store_id":"CydicJ6JtPcfKbNZh0u9","user_id":"UXxMZQmGeweCWBbKqdC65NUx3tk1"},"6389abad25e9d":{"store_id":"N6vLt56wASa8LusWwEpl","product_id":"6374b34adca44","section_id":"","user_id":"9nFeJcyweYXWi1I27Ur7wSRt1rF2"},"6389c6eea58bc":{"product_id":"0LnLKNw4QT4ta7MFcHha","user_id":"9nFeJcyweYXWi1I27Ur7wSRt1rF2","store_id":"L4kMgV5WZUNex55grBSo","section_id":""},"6389dd7e6c61b":{"product_id":"00M6yLTF95ZjsA3E3Em8","user_id":"9nFeJcyweYXWi1I27Ur7wSRt1rF2","section_id":"","store_id":"GwOyOwE8Pq5oAsFSFrr1"},"63a3f815285e8":{"product_id":"63a2ffe6e1fec","user_id":"cgQldiDwKNYEkHwm37Mcq42H9Ca2","store_id":"R9vXfmN6El1xfGPjR7uY","section_id":""},"63a3f8263536c":{"product_id":"NiW0jHIWomv5JtRtLd14","section_id":"","user_id":"cgQldiDwKNYEkHwm37Mcq42H9Ca2","store_id":"R9vXfmN6El1xfGPjR7uY"},"63a94ef4a8be8":{"section_id":"","store_id":"4bZg2TXp193BLBY214kp","product_id":"XwrTs1SjbPakgY8Xm2Ox","user_id":"cgQldiDwKNYEkHwm37Mcq42H9Ca2"},"63abf5b4a58be":{"section_id":"","product_id":"63a2bc376ae50","store_id":"mMtmrI7NxSW6Lawi2p7k","user_id":"ZqquRzGD5wd3bbxFThkQZIzbOcA3"},"63abf7d5a8067":{"section_id":"","user_id":"fObE1hmasIVI00GArNBOvOvZIXC2","product_id":"z6iYfWVMZ2N14niOEhFh","store_id":"FaaLaMCwAZbcUSEWkzWF"},"63ac0366d791f":{"store_id":"EPqLNCQDQ30Z8o5m9CEF","user_id":"ZqquRzGD5wd3bbxFThkQZIzbOcA3","section_id":"6285ddbfd9598","product_id":"m5twICqTE1eDa1vYPL2Q"},"63ac059d52699":{"product_id":"6270c67279103","user_id":"fObE1hmasIVI00GArNBOvOvZIXC2","store_id":"o5xe3oLlHFxYiY8IOmLa","section_id":"6285dd3281531"},"63ac05c6bec90":{"user_id":"fObE1hmasIVI00GArNBOvOvZIXC2","section_id":"6285dd3281531","product_id":"i0J7rZkBXR4js3yCOASj","store_id":"4bZg2TXp193BLBY214kp"},"6xMQjZdOs6wzCftjoJSc":{"user_id":"ZqquRzGD5wd3bbxFThkQZIzbOcA3","product_id":"XwrTs1SjbPakgY8Xm2Ox","section_id":"6285dd3281531","store_id":"4bZg2TXp193BLBY214kp"},"Bx9WkEt9GcuxaQ9VnymZ":{"user_id":"ZqquRzGD5wd3bbxFThkQZIzbOcA3","store_id":"4bZg2TXp193BLBY214kp","product_id":"ccXUH701JziATtLpY9cc","section_id":"6285dd3281531"},"E6CTqMN65axNpmneMfZl":{"product_id":"r7lu5AKVJo5qp1xKEzmS","user_id":"ZqquRzGD5wd3bbxFThkQZIzbOcA3","section_id":"6285dd3281531","store_id":"Eb3Qp7ljEE6qml4BVitZ"},"XUJM9MCkccO61UmfzyJB":{"store_id":"Eb3Qp7ljEE6qml4BVitZ","user_id":"ZqquRzGD5wd3bbxFThkQZIzbOcA3","section_id":"6285dd3281531","product_id":"YoyY5X0bk9DG3ctH7gDp"},"fFbvn93RBbLnKNmqlhWj":{"section_id":"6285dd3281531","user_id":"ZqquRzGD5wd3bbxFThkQZIzbOcA3","product_id":"KuOx7ybgh0Fk3r4nb9zC","store_id":"4bZg2TXp193BLBY214kp"},"nUPJf58Rk14qSkkNEwQJ":{"store_id":"Eb3Qp7ljEE6qml4BVitZ","section_id":"6285dd3281531","product_id":"bRAmV2feZf0JFfdM0Gw3","user_id":"ZqquRzGD5wd3bbxFThkQZIzbOcA3"}}}