{"items_review":{"0Lo7suLi8xdVJSIlwvnP":{"profile":"","orderid":"639984aa21c02","createdAt":{"_seconds":1671430344,"_nanoseconds":243000000},"uname":"Alia","driverId":"CMfrAcbLJ7NBIaJBTnH1JRrSuIT2","CustomerId":"FoWYOGCkXEYmXk3xWdSJWOGrlKe2","comment":"nice","rating":3,"reviewAttributes":{},"Id":"0Lo7suLi8xdVJSIlwvnP"},"0SMb1ZgAfrFzXXeQ9IQG":{"Id":"0SMb1ZgAfrFzXXeQ9IQG","reviewAttributes":{"63889f257ba40":3,"63889f3a7e122":3,"63493c00b14d6":3},"productId":"63aae29cbfda5","createdAt":{"_seconds":1672290618,"_nanoseconds":5000000},"uname":"Ali  user","CustomerId":"ZqquRzGD5wd3bbxFThkQZIzbOcA3","rating":5,"orderid":"63ad1e989d61b","photos":[],"profile":"https://firebasestorage.googleapis.com/v0/b/emart-8d99f.appspot.com/o/emart%2FUser%2Fimages%2FZqquRzGD5wd3bbxFThkQZIzbOcA3.png?alt=media&token=9a8af45e-98b1-420a-ba3e-4f84da3b33d7","comment":"Very nice  fit.Quality is good","VendorId":"4bZg2TXp193BLBY214kp"},"1h3PgzCfdCW8MN2shVLd":{"rating":3.5,"comment":"fresh item","VendorId":"7mYdd13sHvuvYy31SsFd","photos":[""],"Id":"1h3PgzCfdCW8MN2shVLd","uname":"Nick warner","CustomerId":"sOfY3sSa6GRgIhOhLWQMT9fhaHr1","orderid":"626bbf11897c9","profile":""},"20W9OLGUbuppnUquHrWS":{"comment":"Nice","VendorId":"","rating":3,"photos":[],"createdAt":{"_seconds":1669032934,"_nanoseconds":476017000},"reviewAttributes":null,"orderid":"lYqPUE5GMcxmCocD1NEZ","productId":"","uname":"AdanLawson","profile":"https://firebasestorage.googleapis.com/v0/b/emart-8d99f.appspot.com/o/emart%2FUser%2Fimages%2FY08DBlDzTDMjytmp0OEdF3OczNd2.png?alt=media&token=9dd34b27-d85f-4dab-9e9f-f0ef03081605","Id":"20W9OLGUbuppnUquHrWS","driverId":"vJihwuJfFqPuvXTWAnHxNjlxyfD3","CustomerId":"Y08DBlDzTDMjytmp0OEdF3OczNd2"},"21uvZ7oT9OzTUA1xq47Q":{"CustomerId":"ZqquRzGD5wd3bbxFThkQZIzbOcA3","productId":"aCmXcDjihHzWINvOYnEx","comment":"not good","uname":"Ali user","orderid":"FHKWeuavBjCKXLFCMMgc","rating":2,"Id":"21uvZ7oT9OzTUA1xq47Q","reviewAttributes":{"63889f257ba40":1,"63493c00b14d6":1,"63889f3a7e122":1},"VendorId":"Eb3Qp7ljEE6qml4BVitZ","profile":"https://firebasestorage.googleapis.com/v0/b/emart-8d99f.appspot.com/o/emart%2FUser%2Fimages%2FZqquRzGD5wd3bbxFThkQZIzbOcA3.png?alt=media&token=9a8af45e-98b1-420a-ba3e-4f84da3b33d7","photos":[],"createdAt":{"_seconds":1671102032,"_nanoseconds":767702000},"driverId":""},"2RcmgwNU6FPyweDUmuxl":{"CustomerId":"FoWYOGCkXEYmXk3xWdSJWOGrlKe2","VendorId":"Eb3Qp7ljEE6qml4BVitZ","Id":"2RcmgwNU6FPyweDUmuxl","photos":["https://firebasestorage.googleapis.com/v0/b/emart-8d99f.appspot.com/o/emart%2FproductImages%2F1d67b788-2d3c-454e-bdae-12210ec72638.png?alt=media&token=b9063799-fb81-451c-93b9-ac4881775584","https://firebasestorage.googleapis.com/v0/b/emart-8d99f.appspot.com/o/emart%2FproductImages%2F10446046-7a2b-4765-b28a-13be2501910f.png?alt=media&token=f73745bb-c463-4d5e-92f3-41ae091d626c"],"profile":"","reviewAttributes":{},"createdAt":{"_seconds":1669878143,"_nanoseconds":879475000},"orderid":"Pv17g7vWDqblJo578I1r","rating":5,"productId":"iGd8d0xROoRXEjHqbyBZ","comment":"just amazing quality ❤🖤 color is very beautiful, I'm very happy with the product. ","driverId":"","uname":"Aliasharma"},"2cgcpf1YeY4QN4YJS3sI":{"profile":"https://firebasestorage.googleapis.com/v0/b/emart-8d99f.appspot.com/o/emart%2FUser%2Fimages%2FOqUCXxlvX8S4OTjlC1x1iDvi0F22.png?alt=media&token=da304280-eed0-41d2-8ac9-205282935cdf","orderid":"vCgCH5bpXMFBm9XlKgKm","comment":"good service","CustomerId":"OqUCXxlvX8S4OTjlC1x1iDvi0F22","driverId":"DH4opJ8FtsV0KFZV2bTvEspluvv1","rating":5,"VendorId":"","photos":[],"Id":"2cgcpf1YeY4QN4YJS3sI","uname":"Nikolas jackson"},"2oGSTc8SPaEKpcFkhd0h":{"rating":5,"photos":["https://firebasestorage.googleapis.com/v0/b/emart-8d99f.appspot.com/o/emart%2FproductImages%2F1745e417-8800-43a6-8c20-34284b770ad6.png?alt=media&token=21dff394-2bb5-4fb1-83b7-f3e1f041fbb0"],"profile":"https://firebasestorage.googleapis.com/v0/b/emart-8d99f.appspot.com/o/emart%2FUser%2Fimages%2FWieRK3WgL3UkqpDytmr2GRd7sA93.png?alt=media&token=65743af4-7de5-4c72-9eae-2aefa0de3420","VendorId":"jrRUZdFnI9UZGQgkimeg","Id":"2oGSTc8SPaEKpcFkhd0h","uname":"jatindharaiya","comment":"Nice product","CustomerId":"WieRK3WgL3UkqpDytmr2GRd7sA93","orderid":"Fcg5VcR3OJCpy4PP44Db"},"2oh5mI1vPDozwmDe1fwh":{"CustomerId":"jqVVvUjJR7MlacA7xn3ZbTXcr2j2","uname":"NikolasJohns","VendorId":"","productId":"","comment":"ride not good","profile":"https://firebasestorage.googleapis.com/v0/b/emart-8d99f.appspot.com/o/emart%2FUser%2Fimages%2FjqVVvUjJR7MlacA7xn3ZbTXcr2j2.png?alt=media&token=5a3fefdb-501d-4305-b4cf-9e603e427c82","Id":"2oh5mI1vPDozwmDe1fwh","reviewAttributes":null,"driverId":"6hQCBYbg9wQY3zoHrM8qU8OlKiZ2","orderid":"PH8bZVxtcULIYUXs2jVO","rating":1,"createdAt":{"_seconds":1669026285,"_nanoseconds":176774000},"photos":[]},"4AuPf8Rk5UVVRyaViI5T":{"CustomerId":"Ns8qYoc3UJe9Je80mpOeP4GT9vv2","VendorId":"GwOyOwE8Pq5oAsFSFrr1","orderid":"pUuyyC5xY6vA2Jfv3e4d","profile":"","createdAt":{"_seconds":1668691973,"_nanoseconds":505715000},"rating":3,"Id":"4AuPf8Rk5UVVRyaViI5T","photos":[],"comment":"Nice product","productId":"00M6yLTF95ZjsA3E3Em8","uname":"MenilRadadiya  ","reviewAttributes":{},"driverId":""},"4gchCkZoKX9K00gSo3z6":{"createdAt":{"_seconds":1672145802,"_nanoseconds":445000000},"comment":"nice car","driverId":"RijWR4WjMFUaLOTbITkWS6pHGvy1","rating":3.5,"profile":"","orderid":"63aaea4114802","uname":"Ali ","reviewAttributes":{},"CustomerId":"ZqquRzGD5wd3bbxFThkQZIzbOcA3","Id":"4gchCkZoKX9K00gSo3z6"},"4hPVqTtOQdPiNamiplDu":{"VendorId":"9UACE5mBsbyzlQ42fIHc","CustomerId":"sISQSJnzw0hYCz9l1hhm8HtdyHC2","photos":["https://firebasestorage.googleapis.com/v0/b/emart-8d99f.appspot.com/o/emart%2FproductImages%2F9cc059d1-26dd-4fc3-9e0b-3770f9972e91.png?alt=media&token=6dc4cbb0-e96d-44f8-b1da-3ed36ac97820"],"uname":"scottwarner","orderid":"lamDfUFj8Ta6J4nk7vJV","profile":"https://firebasestorage.googleapis.com/v0/b/emart-8d99f.appspot.com/o/emart%2FUser%2Fimages%2FsISQSJnzw0hYCz9l1hhm8HtdyHC2.png?alt=media&token=98a31add-a7c9-4451-bd8d-2dab9e290094","Id":"4hPVqTtOQdPiNamiplDu","rating":2,"comment":"good"},"4uX80aebyCy6qHGNTgS1":{"photos":["https://firebasestorage.googleapis.com/v0/b/emart-8d99f.appspot.com/o/emart%2FproductImages%2F8ec20f1f-57cb-484d-976c-3e965f3352f5.png?alt=media&token=88c05f15-c19c-4b07-ad8c-f5b47fd6b98a"],"VendorId":"L4kMgV5WZUNex55grBSo","rating":5,"Id":"4uX80aebyCy6qHGNTgS1","orderid":"0fb2uPBZipxnoKRn2Bg0","uname":"AdanLawson","CustomerId":"Y08DBlDzTDMjytmp0OEdF3OczNd2","profile":"https://firebasestorage.googleapis.com/v0/b/emart-8d99f.appspot.com/o/emart%2FUser%2Fimages%2FY08DBlDzTDMjytmp0OEdF3OczNd2.png?alt=media&token=9dd34b27-d85f-4dab-9e9f-f0ef03081605","comment":"nice product"},"5EB0kFEqfoHxUVNrHTGf":{"CustomerId":"NvLlDPJc9mUq0fC019dUnJJQ5aG3","productId":"","uname":"sm koi","driverId":"pbcaZJUoXnZADBzBhClfQVesNOq1","reviewAttributes":null,"orderid":"MsGOPgI1zGthNpPp82w5","photos":[],"VendorId":"","profile":"","rating":2,"Id":"5EB0kFEqfoHxUVNrHTGf","comment":"nice"},"61wgD2igZN0Zcd8cXqCQ":{"CustomerId":"Y08DBlDzTDMjytmp0OEdF3OczNd2","comment":"avrag","VendorId":"L4kMgV5WZUNex55grBSo","photos":["https://firebasestorage.googleapis.com/v0/b/emart-8d99f.appspot.com/o/emart%2FproductImages%2F2e12f5fe-492b-4d0d-89c4-81f297df34e9.png?alt=media&token=3b12f718-c6c0-4f88-b11a-839e88f6cc28"],"profile":"https://firebasestorage.googleapis.com/v0/b/emart-8d99f.appspot.com/o/emart%2FUser%2Fimages%2FY08DBlDzTDMjytmp0OEdF3OczNd2.png?alt=media&token=9dd34b27-d85f-4dab-9e9f-f0ef03081605","uname":"AdanLawson","Id":"61wgD2igZN0Zcd8cXqCQ","rating":2.5,"orderid":"629ee433723ef"},"6zelhOEg5RWZXmoBuwW3":{"CustomerId":"cgQldiDwKNYEkHwm37Mcq42H9Ca2","driverId":"dzBJQrMg4ZhdzPbYH2XgXmyNK083","Id":"6zelhOEg5RWZXmoBuwW3","createdAt":{"_seconds":1672137912,"_nanoseconds":810000000},"comment":"good service","uname":"Shivani","profile":"","reviewAttributes":{},"orderid":"63aaca640e8b6","rating":4},"7O4o586CsfuJaxH9bQBz":{"photos":[],"driverId":"1Klnv9unl4fCjJxuJlzRV4R2BPa2","CustomerId":"ZqquRzGD5wd3bbxFThkQZIzbOcA3","rating":5,"VendorId":"","Id":"7O4o586CsfuJaxH9bQBz","productId":"","profile":"","uname":"Ali user","createdAt":{"_seconds":1670926368,"_nanoseconds":523665000},"orderid":"u3DVQHuSdRf7DkL3HzK6","reviewAttributes":{},"comment":"nice servicing "},"7Rp3T086k7UeXaRxJJKV":{"reviewAttributes":{},"comment":"yummy food","productId":"yR108n7RIjt2jyAu6LEr","uname":"Ali user","Id":"7Rp3T086k7UeXaRxJJKV","profile":"https://firebasestorage.googleapis.com/v0/b/emart-8d99f.appspot.com/o/emart%2FUser%2Fimages%2FZqquRzGD5wd3bbxFThkQZIzbOcA3.png?alt=media&token=9a8af45e-98b1-420a-ba3e-4f84da3b33d7","orderid":"3rFOiXTY1ioOVCDmd9Jh","VendorId":"mMtmrI7NxSW6Lawi2p7k","rating":5,"CustomerId":"ZqquRzGD5wd3bbxFThkQZIzbOcA3","photos":[],"driverId":"","createdAt":{"_seconds":1671445960,"_nanoseconds":935068000}},"8YTq8I0x53hcX5DOuG64":{"profile":"https://firebasestorage.googleapis.com/v0/b/emart-8d99f.appspot.com/o/images%2Fimages.jpeg-28.jpg?alt=media&token=ef861f10-ad58-4ea5-9c76-1487a9be365f","VendorId":"MAA694QWVu04PVzsOpRH","photos":["https://firebasestorage.googleapis.com/v0/b/emart-8d99f.appspot.com/o/emart%2FproductImages%2Fde8b3ca2-3c49-4ea9-ac28-89318e048bb9.png?alt=media&token=fa309647-9ea0-4d24-bee9-138ea2796fc2"],"Id":"8YTq8I0x53hcX5DOuG64","uname":"Tonnymark","rating":5,"CustomerId":"qCMJ3MQ13KVK4V5oqEJToPftuKA2","comment":"fresh product","orderid":"00nOrwADTlckxlVK2BLX"},"99sorzVjbHptFuQnrnDm":{"reviewAttributes":{},"uname":"Ali ","createdAt":{"_seconds":1671455247,"_nanoseconds":77000000},"profile":"","rating":3,"comment":"test","CustomerId":"ZqquRzGD5wd3bbxFThkQZIzbOcA3","driverId":"CMfrAcbLJ7NBIaJBTnH1JRrSuIT2","Id":"99sorzVjbHptFuQnrnDm","orderid":"63a05f0c48d25"},"9DRvau4OgZjCRpKYJy1f":{"orderid":"kIKMj0861UrEkend9x9O","reviewAttributes":{},"VendorId":"Eb3Qp7ljEE6qml4BVitZ","photos":["https://firebasestorage.googleapis.com/v0/b/emart-8d99f.appspot.com/o/emart%2FproductImages%2F5fc4b204-397e-43fc-b55e-87f52dfc7179.png?alt=media&token=a3f824d0-9d92-4789-ac71-c342e07df78d","https://firebasestorage.googleapis.com/v0/b/emart-8d99f.appspot.com/o/emart%2FproductImages%2F34acf561-001b-402c-9ed1-62840a44afe6.png?alt=media&token=99a8ea23-a666-4693-91c6-d8dae4709ed1"],"driverId":"","rating":3,"comment":"good bag","createdAt":{"_seconds":1669879143,"_nanoseconds":207283000},"Id":"9DRvau4OgZjCRpKYJy1f","CustomerId":"ZqquRzGD5wd3bbxFThkQZIzbOcA3","uname":"Ali user","productId":"L9cSyw7ThuQHfMejS5no","profile":""},"9WoRzhrO7N2KFKkWuv3l":{"profile":"https://firebasestorage.googleapis.com/v0/b/emart-8d99f.appspot.com/o/emart%2FUser%2Fimages%2FZqquRzGD5wd3bbxFThkQZIzbOcA3.png?alt=media&token=9a8af45e-98b1-420a-ba3e-4f84da3b33d7","productId":"YoyY5X0bk9DG3ctH7gDp","createdAt":{"_seconds":1671087148,"_nanoseconds":219431000},"reviewAttributes":{},"driverId":"","CustomerId":"ZqquRzGD5wd3bbxFThkQZIzbOcA3","photos":[],"Id":"9WoRzhrO7N2KFKkWuv3l","orderid":"FKGDph9tUSP5ny1ZR0cs","comment":"nice shirts","VendorId":"Eb3Qp7ljEE6qml4BVitZ","uname":"Ali user","rating":4},"9iey4cxIeBzaPYeB9jxm":{"uname":"Aliasharma","rating":5,"profile":"","createdAt":{"_seconds":1669877466,"_nanoseconds":880575000},"Id":"9iey4cxIeBzaPYeB9jxm","reviewAttributes":{},"CustomerId":"FoWYOGCkXEYmXk3xWdSJWOGrlKe2","VendorId":"Eb3Qp7ljEE6qml4BVitZ","driverId":"","photos":[],"productId":"aCmXcDjihHzWINvOYnEx","comment":"It has very classy look, beautiful handbag","orderid":"LwuHORvcLRE28PLbxOZ2"},"Ar5TYpYkYbDnT68uc5sY":{"orderid":"GD5JA7tmH2rosJrW6Pg8","rating":3.5,"productId":"","driverId":"dfsXspiQ93Wim1oTLWfnxQOb4b22","uname":"Ali user","createdAt":{"_seconds":1670582165,"_nanoseconds":791842000},"profile":"","reviewAttributes":{},"photos":[],"comment":"Nice","Id":"Ar5TYpYkYbDnT68uc5sY","VendorId":"","CustomerId":"ZqquRzGD5wd3bbxFThkQZIzbOcA3"},"AtZ3J9nRv8id25HUpv34":{"profile":"https://firebasestorage.googleapis.com/v0/b/emart-8d99f.appspot.com/o/emart%2FUser%2Fimages%2FjqVVvUjJR7MlacA7xn3ZbTXcr2j2.png?alt=media&token=5a3fefdb-501d-4305-b4cf-9e603e427c82","uname":"NikolasJohns","Id":"AtZ3J9nRv8id25HUpv34","VendorId":"","productId":"","createdAt":{"_seconds":1669024365,"_nanoseconds":463903000},"CustomerId":"jqVVvUjJR7MlacA7xn3ZbTXcr2j2","driverId":"6hQCBYbg9wQY3zoHrM8qU8OlKiZ2","reviewAttributes":null,"photos":[],"comment":"nice ride","orderid":"UxKqI03LLlCFnJQo0iwF","rating":5},"AysZph8hMvbgsd2pHo7T":{"reviewAttributes":{},"uname":"Thakarshi Web","productId":"4tr0hWyyzqs3cWYD2QvN","CustomerId":"UXxMZQmGeweCWBbKqdC65NUx3tk1","Id":"AysZph8hMvbgsd2pHo7T","rating":3,"photos":["https://firebasestorage.googleapis.com/v0/b/emart-8d99f.appspot.com/o/images%2F1668083900633.jpg?alt=media&token=2cea5f67-e20c-4dc8-86db-637575f79861"],"comment":"This is OK product","VendorId":"IpAqPXh7rRKLTGGZplLy","profile":"https://firebasestorage.googleapis.com/v0/b/emart-8d99f.appspot.com/o/images%2Fimages%20(2).jpg?alt=media&token=e5407ff9-6b8e-4f91-a8e1-f106f249dc1d","createdAt":{"_seconds":1668083905,"_nanoseconds":279000000},"orderid":"636cefe10bdd9"},"B06weXaNC9o3yODqhUxU":{"reviewAttributes":{"63889f257ba40":1,"63493c00b14d6":4,"63889f3a7e122":3},"createdAt":{"_seconds":1669900973,"_nanoseconds":603393000},"CustomerId":"FoWYOGCkXEYmXk3xWdSJWOGrlKe2","photos":[],"rating":2.5,"productId":"mdc27l2NV68i7I3SrpSf","driverId":"","Id":"B06weXaNC9o3yODqhUxU","orderid":"acN5wRgJ0tcbEf2TEdqV","uname":"Aliasharma","VendorId":"Eb3Qp7ljEE6qml4BVitZ","profile":"","comment":"overall good"},"B0NCXfDcsV3UWLxYrcFu":{"Id":"B0NCXfDcsV3UWLxYrcFu","reviewAttributes":{},"comment":"good service","profile":"","uname":"Ali ","rating":4,"driverId":"dzGQfVSaUrRmSqqs3uoMhp0pwB32","orderid":"63abd5c1ad656","createdAt":{"_seconds":1672206354,"_nanoseconds":4000000},"CustomerId":"ZqquRzGD5wd3bbxFThkQZIzbOcA3"},"BLLXCWL6mSQBkoQpZTEG":{"uname":"Ali user","reviewAttributes":{},"VendorId":"","photos":[],"CustomerId":"ZqquRzGD5wd3bbxFThkQZIzbOcA3","driverId":"WMriFuuPm1bzir4wrOsoxRAD2SE3","productId":"","orderid":"9t3X1B5kUFywbXaX9iz0","Id":"BLLXCWL6mSQBkoQpZTEG","profile":"https://firebasestorage.googleapis.com/v0/b/emart-8d99f.appspot.com/o/emart%2FUser%2Fimages%2FZqquRzGD5wd3bbxFThkQZIzbOcA3.png?alt=media&token=9a8af45e-98b1-420a-ba3e-4f84da3b33d7","createdAt":{"_seconds":1672235408,"_nanoseconds":113795000},"comment":"","rating":3.5},"BfYRuHUFr0fj22s7jywT":{"Id":"BfYRuHUFr0fj22s7jywT","uname":"NikolasJohns","comment":"","orderid":"RFzWZFnkWoDuvEFYV4sH","createdAt":{"_seconds":1669096044,"_nanoseconds":151325000},"productId":"","rating":5,"CustomerId":"jqVVvUjJR7MlacA7xn3ZbTXcr2j2","photos":[],"VendorId":"","profile":"https://firebasestorage.googleapis.com/v0/b/emart-8d99f.appspot.com/o/emart%2FUser%2Fimages%2FjqVVvUjJR7MlacA7xn3ZbTXcr2j2.png?alt=media&token=5a3fefdb-501d-4305-b4cf-9e603e427c82","reviewAttributes":null,"driverId":"6hQCBYbg9wQY3zoHrM8qU8OlKiZ2"},"BkY02CNuj2gdZsYEiByW":{"orderid":"63a5855dbeee6","Id":"BkY02CNuj2gdZsYEiByW","photos":[],"profile":"","comment":"fresh food","rating":5,"uname":"Shivani Soni","CustomerId":"cgQldiDwKNYEkHwm37Mcq42H9Ca2","createdAt":{"_seconds":1671793857,"_nanoseconds":119000000},"VendorId":"R9vXfmN6El1xfGPjR7uY","reviewAttributes":{},"productId":"K0QISGJr0fD4e9TCfWG0"},"Bob0Ec8OpUu7fQByQvCf":{"CustomerId":"bUBcZOyfDwSlK3Vw1VcED9gvUYx2","Id":"Bob0Ec8OpUu7fQByQvCf","VendorId":"aZEoBGbcZmUZ80nOYzu4","photos":["https://firebasestorage.googleapis.com/v0/b/emart-8d99f.appspot.com/o/emart%2FproductImages%2Fbb26753a-a631-45ee-bbe3-bfde4a5888f9.png?alt=media&token=3fdd3e53-49c4-408b-9b20-5d749f51a8f0"],"comment":"best food","orderid":"lLda6PCt7vVwgPRt3e71","rating":4.5,"uname":"darishasan","profile":""},"C28OMbSBT4auL2gwMMma":{"productId":"","driverId":"1Klnv9unl4fCjJxuJlzRV4R2BPa2","rating":4.5,"reviewAttributes":{},"photos":[],"createdAt":{"_seconds":1670926708,"_nanoseconds":184529000},"profile":"","VendorId":"","orderid":"6uwDX4sGvhRFLP7Fz3VW","uname":"Ali user","CustomerId":"ZqquRzGD5wd3bbxFThkQZIzbOcA3","comment":"good","Id":"C28OMbSBT4auL2gwMMma"},"C3YTlJ5l2ogy2gUgl3RJ":{"comment":"nice shirts","CustomerId":"ZqquRzGD5wd3bbxFThkQZIzbOcA3","productId":"mdc27l2NV68i7I3SrpSf","photos":["https://firebasestorage.googleapis.com/v0/b/emart-8d99f.appspot.com/o/emart%2FproductImages%2Ffb9733b2-af20-445a-bd0d-38361b884521.png?alt=media&token=8602b1a8-c1e6-4712-9229-b5aaf5c10d37"],"Id":"C3YTlJ5l2ogy2gUgl3RJ","reviewAttributes":{"63889f257ba40":2.5,"63493c00b14d6":2.5,"63889f3a7e122":4},"rating":4,"VendorId":"Eb3Qp7ljEE6qml4BVitZ","orderid":"xCuIihwNfzV68Y1VkTpS","uname":"Ali user","profile":"","driverId":"","createdAt":{"_seconds":1670220745,"_nanoseconds":270072000}},"CPTGITtuHKqBPzxbMdTZ":{"rating":4,"CustomerId":"ZqquRzGD5wd3bbxFThkQZIzbOcA3","orderid":"769xRusIsiwRRK2lyL3n","VendorId":"","reviewAttributes":null,"uname":"Ali  user","photos":[],"createdAt":{"_seconds":1668779444,"_nanoseconds":943509000},"Id":"CPTGITtuHKqBPzxbMdTZ","productId":"","comment":"good service","driverId":"6LF1T9CwH6YFskTpntmED8Z8stX2","profile":""},"CT4bCggEMNOCu5oUzifB":{"VendorId":"Eb3Qp7ljEE6qml4BVitZ","Id":"CT4bCggEMNOCu5oUzifB","uname":"Ali user","photos":["https://firebasestorage.googleapis.com/v0/b/emart-8d99f.appspot.com/o/emart%2FproductImages%2Feaa73dcf-7b98-4045-8aec-0eeb5ba006ce.png?alt=media&token=44506958-62ef-499b-82af-46a31b079cb4"],"CustomerId":"ZqquRzGD5wd3bbxFThkQZIzbOcA3","productId":"aCmXcDjihHzWINvOYnEx","orderid":"WhL7o97z4s3U2iyS3yTo","comment":"nice bag","createdAt":{"_seconds":1669880265,"_nanoseconds":809349000},"driverId":"","profile":"","rating":4.5,"reviewAttributes":{}},"DRA6x86IbRdCYP72BOHw":{"rating":4,"orderid":"WhL7o97z4s3U2iyS3yTo","createdAt":{"_seconds":1669880313,"_nanoseconds":523155000},"productId":"mdc27l2NV68i7I3SrpSf","Id":"DRA6x86IbRdCYP72BOHw","uname":"Ali user","CustomerId":"ZqquRzGD5wd3bbxFThkQZIzbOcA3","comment":"very happy with this product, nice fitting and color","reviewAttributes":{},"profile":"","photos":["https://firebasestorage.googleapis.com/v0/b/emart-8d99f.appspot.com/o/emart%2FproductImages%2Fa6082594-cc66-4426-97f7-726781d8bda9.png?alt=media&token=dd978bc8-7f34-43f5-842c-c57b50d64aea"],"driverId":"","VendorId":"Eb3Qp7ljEE6qml4BVitZ"},"DzHR2RVDIPad69rItRBi":{"createdAt":{"_seconds":1672133615,"_nanoseconds":398000000},"comment":"test review 1","reviewAttributes":{},"uname":"michael vaghela","profile":"","orderid":"63a97bd4c6571","rating":3,"Id":"DzHR2RVDIPad69rItRBi","productId":"63a93e782e750","CustomerId":"kCkvhHfnerdhcidN1gBMBfH2KAO2","VendorId":"XAWsfpI1Eruu0dogkekJ","photos":[]},"EZpn6MsrnTLi8fnVLTyz":{"productId":"MlUVC7QxeiTNSePUpofD","orderid":"4VtY7sC9ExX5zMFf6tgK","VendorId":"R9vXfmN6El1xfGPjR7uY","profile":"","uname":"Shivani Soni","Id":"EZpn6MsrnTLi8fnVLTyz","photos":["https://firebasestorage.googleapis.com/v0/b/emart-8d99f.appspot.com/o/images%2F1672123714240.jpg?alt=media&token=85c6867e-b87d-4ab8-8088-3dce1aa366b4"],"createdAt":{"_seconds":1672123739,"_nanoseconds":247000000},"comment":"good foodw","CustomerId":"cgQldiDwKNYEkHwm37Mcq42H9Ca2","rating":2.5,"reviewAttributes":{"63493c00b14d6":3,"63a3e8de933f7":3}},"Ei9s7cjQ4EPvPZc0cVKG":{"driverId":"","uname":"Aliasharma","profile":"","comment":"nice shirt, comfortable to wear good material","orderid":"zh0E5bcn2ml96bWhsUOm","rating":4,"photos":[],"CustomerId":"FoWYOGCkXEYmXk3xWdSJWOGrlKe2","createdAt":{"_seconds":1669900054,"_nanoseconds":662789000},"productId":"mdc27l2NV68i7I3SrpSf","VendorId":"Eb3Qp7ljEE6qml4BVitZ","reviewAttributes":{"63889f3a7e122":4,"63493c00b14d6":4.5,"63889f257ba40":3.5},"Id":"Ei9s7cjQ4EPvPZc0cVKG"},"F2qta1je2XitIKWyWRky":{"createdAt":{"_seconds":1668515641,"_nanoseconds":828000000},"uname":"Thakarshi Web","Id":"F2qta1je2XitIKWyWRky","reviewAttributes":{"63493cb4250c6":5,"63493c00b14d6":5,"63493c152e305":5},"comment":"Superb watch","VendorId":"N6vLt56wASa8LusWwEpl","CustomerId":"UXxMZQmGeweCWBbKqdC65NUx3tk1","profile":"https://firebasestorage.googleapis.com/v0/b/emart-8d99f.appspot.com/o/images%2Fimages%20(2).jpg?alt=media&token=e5407ff9-6b8e-4f91-a8e1-f106f249dc1d","orderid":"6373869323698","photos":[],"productId":"633ece3f95e0d","rating":5},"F6XUmhGTOna6F3VTQgIQ":{"orderid":"5x1Ix9QPHJzfhlX5N4xP","createdAt":{"_seconds":1669026050,"_nanoseconds":548678000},"photos":[],"comment":"good1","uname":"NikolasJohns","reviewAttributes":null,"productId":"","driverId":"6hQCBYbg9wQY3zoHrM8qU8OlKiZ2","profile":"https://firebasestorage.googleapis.com/v0/b/emart-8d99f.appspot.com/o/emart%2FUser%2Fimages%2FjqVVvUjJR7MlacA7xn3ZbTXcr2j2.png?alt=media&token=5a3fefdb-501d-4305-b4cf-9e603e427c82","CustomerId":"jqVVvUjJR7MlacA7xn3ZbTXcr2j2","Id":"F6XUmhGTOna6F3VTQgIQ","VendorId":"","rating":4},"Gqf7RsRtgRvYLq5q86QU":{"uname":"NikolasJohns","CustomerId":"jqVVvUjJR7MlacA7xn3ZbTXcr2j2","reviewAttributes":null,"photos":[],"profile":"https://firebasestorage.googleapis.com/v0/b/emart-8d99f.appspot.com/o/emart%2FUser%2Fimages%2FjqVVvUjJR7MlacA7xn3ZbTXcr2j2.png?alt=media&token=5a3fefdb-501d-4305-b4cf-9e603e427c82","comment":"not good","createdAt":{"_seconds":1669025518,"_nanoseconds":851946000},"orderid":"2jyCojNuH4f4JJzKgOyC","productId":"","Id":"Gqf7RsRtgRvYLq5q86QU","driverId":"6hQCBYbg9wQY3zoHrM8qU8OlKiZ2","VendorId":"","rating":2.5},"HQq5w7j15MZjqjnObKVm":{"VendorId":"","driverId":"rUUFUanPcPWo1jjbMTLrMieB2vt2","Id":"HQq5w7j15MZjqjnObKVm","profile":"https://firebasestorage.googleapis.com/v0/b/emart-8d99f.appspot.com/o/emart%2FUser%2Fimages%2FOqUCXxlvX8S4OTjlC1x1iDvi0F22.png?alt=media&token=da304280-eed0-41d2-8ac9-205282935cdf","comment":"nice car and service","uname":"Nikolasjackson","orderid":"ERTnvyRPMWxGEkvBso0v","rating":4,"photos":[],"CustomerId":"OqUCXxlvX8S4OTjlC1x1iDvi0F22"},"Hm8NpVT0LZZ6P3P1BWnE":{"VendorId":"","orderid":"ERNvFbb3U6nYyAyvznLb","Id":"Hm8NpVT0LZZ6P3P1BWnE","comment":"good delivered","driverId":"tAbxSAug7xUphB9LnM0coth8Qjj1","rating":4.5,"profile":"https://firebasestorage.googleapis.com/v0/b/emart-8d99f.appspot.com/o/emart%2FUser%2Fimages%2FOqUCXxlvX8S4OTjlC1x1iDvi0F22.png?alt=media&token=da304280-eed0-41d2-8ac9-205282935cdf","photos":[],"uname":"Nikolas jackson","CustomerId":"OqUCXxlvX8S4OTjlC1x1iDvi0F22"},"Imqp10pIYiCQFUMqImTL":{"rating":5,"orderid":"D1i9BgCPvTZ1ytP5SylJ","photos":[],"driverId":"6LF1T9CwH6YFskTpntmED8Z8stX2","productId":"","reviewAttributes":null,"CustomerId":"jqVVvUjJR7MlacA7xn3ZbTXcr2j2","Id":"Imqp10pIYiCQFUMqImTL","createdAt":{"_seconds":1668770769,"_nanoseconds":584000000},"profile":"https://firebasestorage.googleapis.com/v0/b/emart-8d99f.appspot.com/o/emart%2FUser%2Fimages%2FjqVVvUjJR7MlacA7xn3ZbTXcr2j2.png?alt=media&token=5a3fefdb-501d-4305-b4cf-9e603e427c82","comment":"nice delivery parcel","VendorId":"","uname":"Nikolas Johns"},"JQPcu7AwJeCOouc1YCby":{"CustomerId":"UXxMZQmGeweCWBbKqdC65NUx3tk1","reviewAttributes":{"63493c00b14d6":5,"63493c152e305":4,"63493cb4250c6":3},"orderid":"636a5e033ccaa","uname":"Thakarshi Web","Id":"JQPcu7AwJeCOouc1YCby","VendorId":"45pHLjMnn6JPtTDVvkHg","profile":"","rating":4,"photos":["https://firebasestorage.googleapis.com/v0/b/emart-8d99f.appspot.com/o/images%2F1668009744992.jpg?alt=media&token=c791a76c-9143-4678-aaed-da74a6309888","https://firebasestorage.googleapis.com/v0/b/emart-8d99f.appspot.com/o/images%2F1668009756733.jpg?alt=media&token=a4dfcb0c-a645-4c76-90c2-ef694a02f8c9"],"productId":"633ed2f9124f8","createdAt":{"_seconds":1668077639,"_nanoseconds":802000000},"comment":"just good"},"K8cvmmRNamhl1Uid9dFk":{"CustomerId":"FoWYOGCkXEYmXk3xWdSJWOGrlKe2","comment":"hello","rating":4,"uname":"Alia","createdAt":{"_seconds":1671430252,"_nanoseconds":171000000},"driverId":"CMfrAcbLJ7NBIaJBTnH1JRrSuIT2","orderid":"6399a3b16ca67","profile":"","Id":"K8cvmmRNamhl1Uid9dFk","reviewAttributes":{}},"KrO7LQUIybllCdtYwyj4":{"reviewAttributes":{"63889f3a7e122":4.5,"63493c00b14d6":2.5,"63889f257ba40":4},"profile":"https://firebasestorage.googleapis.com/v0/b/emart-8d99f.appspot.com/o/emart%2FUser%2Fimages%2FZqquRzGD5wd3bbxFThkQZIzbOcA3.png?alt=media&token=9a8af45e-98b1-420a-ba3e-4f84da3b33d7","productId":"63ac160b140d4","photos":[],"createdAt":{"_seconds":1672235114,"_nanoseconds":381000000},"rating":4,"comment":"good fabric and color","orderid":"63ac193d93bc8","uname":"Ali  user","CustomerId":"ZqquRzGD5wd3bbxFThkQZIzbOcA3","VendorId":"8akcNIacIF7Nt4zLARpl","Id":"KrO7LQUIybllCdtYwyj4"},"LGGZwW41IY9pn0OaXGLB":{"profile":"https://firebasestorage.googleapis.com/v0/b/emart-8d99f.appspot.com/o/emart%2FUser%2Fimages%2FOqUCXxlvX8S4OTjlC1x1iDvi0F22.png?alt=media&token=da304280-eed0-41d2-8ac9-205282935cdf","uname":"Nikolas jackson","photos":[],"CustomerId":"OqUCXxlvX8S4OTjlC1x1iDvi0F22","comment":"good service provide","driverId":"rUUFUanPcPWo1jjbMTLrMieB2vt2","Id":"LGGZwW41IY9pn0OaXGLB","VendorId":"","rating":4.5,"orderid":"C0FkO4LzVKFcoy1G47lM"},"LO5T8TenZMBayIQg25aT":{"uname":"NikolasJohns","createdAt":{"_seconds":1669026479,"_nanoseconds":76887000},"orderid":"E5vvFwi9YfrllrJbPkCL","rating":5,"Id":"LO5T8TenZMBayIQg25aT","driverId":"6hQCBYbg9wQY3zoHrM8qU8OlKiZ2","reviewAttributes":null,"profile":"https://firebasestorage.googleapis.com/v0/b/emart-8d99f.appspot.com/o/emart%2FUser%2Fimages%2FjqVVvUjJR7MlacA7xn3ZbTXcr2j2.png?alt=media&token=5a3fefdb-501d-4305-b4cf-9e603e427c82","photos":[],"CustomerId":"jqVVvUjJR7MlacA7xn3ZbTXcr2j2","comment":"ride is amazing","VendorId":"","productId":""},"LaOWJNEW9xeMPjyjVkcO":{"uname":"Ali user","createdAt":{"_seconds":1670221509,"_nanoseconds":691407000},"productId":"mdc27l2NV68i7I3SrpSf","rating":3.5,"reviewAttributes":{"63493c00b14d6":3.5,"63889f257ba40":4,"63889f3a7e122":5},"photos":[],"profile":"","VendorId":"Eb3Qp7ljEE6qml4BVitZ","orderid":"opgrICzYJd3etQRv0qLS","driverId":"","CustomerId":"ZqquRzGD5wd3bbxFThkQZIzbOcA3","Id":"LaOWJNEW9xeMPjyjVkcO","comment":"it's quality was good as expected"},"Lz39nGmriZxbFS1jBi5F":{"comment":"good service","driverId":"8h60VCHRvZVFi3D4Sk5aegjZAXR2","Id":"Lz39nGmriZxbFS1jBi5F","reviewAttributes":{},"CustomerId":"ZqquRzGD5wd3bbxFThkQZIzbOcA3","profile":"","createdAt":{"_seconds":1672146104,"_nanoseconds":548000000},"uname":"Ali ","rating":5,"orderid":"63aaec2ce8941"},"MB7pe9U48ZwhbEALSt77":{"uname":"NikolasJohns","driverId":"6hQCBYbg9wQY3zoHrM8qU8OlKiZ2","photos":[],"Id":"MB7pe9U48ZwhbEALSt77","VendorId":"","profile":"https://firebasestorage.googleapis.com/v0/b/emart-8d99f.appspot.com/o/emart%2FUser%2Fimages%2FjqVVvUjJR7MlacA7xn3ZbTXcr2j2.png?alt=media&token=5a3fefdb-501d-4305-b4cf-9e603e427c82","comment":"test","CustomerId":"jqVVvUjJR7MlacA7xn3ZbTXcr2j2","rating":3,"reviewAttributes":null,"productId":"","createdAt":{"_seconds":1669096534,"_nanoseconds":730090000},"orderid":"FUMgaLX0I7IOtAXau09l"},"NDGIjERj1fDSJzKGMxv3":{"uname":"Aliasharma","reviewAttributes":{},"rating":4.5,"createdAt":{"_seconds":1669877869,"_nanoseconds":11920000},"productId":"r7lu5AKVJo5qp1xKEzmS","CustomerId":"FoWYOGCkXEYmXk3xWdSJWOGrlKe2","profile":"","VendorId":"Eb3Qp7ljEE6qml4BVitZ","comment":"T shirt quality awesome, fitting is good. ","orderid":"FEPMlg3ZhP9Re2dQ5MWR","driverId":"","Id":"NDGIjERj1fDSJzKGMxv3","photos":[]},"NocWU1MPMjXS6WNB5Juo":{"comment":"dont like this product.","rating":1,"CustomerId":"Y08DBlDzTDMjytmp0OEdF3OczNd2","profile":"https://firebasestorage.googleapis.com/v0/b/emart-8d99f.appspot.com/o/emart%2FUser%2Fimages%2FY08DBlDzTDMjytmp0OEdF3OczNd2.png?alt=media&token=9dd34b27-d85f-4dab-9e9f-f0ef03081605","VendorId":"L4kMgV5WZUNex55grBSo","Id":"NocWU1MPMjXS6WNB5Juo","uname":"AdanLawson","photos":["https://firebasestorage.googleapis.com/v0/b/emart-8d99f.appspot.com/o/emart%2FproductImages%2F64999891-1120-46d6-a195-fb7030e84064.png?alt=media&token=9d25bbb2-c724-40d9-b076-260401ee3455"],"orderid":"M5lmiuDet1AlNE7MYc4M"},"NzcE4E7kivyr42vZn4xu":{"driverId":"","rating":4,"uname":"Ali user","CustomerId":"ZqquRzGD5wd3bbxFThkQZIzbOcA3","createdAt":{"_seconds":1669880400,"_nanoseconds":76179000},"VendorId":"Eb3Qp7ljEE6qml4BVitZ","photos":[],"profile":"","productId":"dktoImghTgsBPR0lgI9o","Id":"NzcE4E7kivyr42vZn4xu","comment":"nice product, quality is too good, nice product from this brand. thank you emart for this types of product give us. ","orderid":"WhL7o97z4s3U2iyS3yTo","reviewAttributes":{}},"P7s9VGkigMDJhvRcVDv8":{"VendorId":"Eb3Qp7ljEE6qml4BVitZ","reviewAttributes":{"63889f3a7e122":3,"63889f257ba40":3,"63493c00b14d6":2.5},"driverId":"","comment":"nice","rating":5,"createdAt":{"_seconds":1669982845,"_nanoseconds":237790000},"Id":"P7s9VGkigMDJhvRcVDv8","productId":"bRAmV2feZf0JFfdM0Gw3","CustomerId":"ZqquRzGD5wd3bbxFThkQZIzbOcA3","uname":"Ali user","photos":[],"orderid":"jm2C3C0GVM5DRPPiz3VI","profile":""},"PSzg738YhDIVaoVdBrEP":{"comment":"Hello","Id":"PSzg738YhDIVaoVdBrEP","CustomerId":"FoWYOGCkXEYmXk3xWdSJWOGrlKe2","driverId":"undefined","orderid":"6399a3b16ca67","rating":null,"profile":"","createdAt":{"_seconds":1671175134,"_nanoseconds":969000000},"reviewAttributes":{}},"PxuZE0JS1wl8D3Kh5l7l":{"uname":"Nikolas Johns","driverId":"null","VendorId":"","profile":"https://firebasestorage.googleapis.com/v0/b/emart-8d99f.appspot.com/o/emart%2FUser%2Fimages%2FjqVVvUjJR7MlacA7xn3ZbTXcr2j2.png?alt=media&token=5a3fefdb-501d-4305-b4cf-9e603e427c82","comment":"nice","photos":[],"CustomerId":"jqVVvUjJR7MlacA7xn3ZbTXcr2j2","createdAt":{"_seconds":1668771368,"_nanoseconds":774937000},"productId":"","Id":"PxuZE0JS1wl8D3Kh5l7l","orderid":"Lz9c4d1X6iIPVC1GukxW","rating":5,"reviewAttributes":null},"Q7JHTR50faTdmnTrMDhF":{"rating":5,"VendorId":"sIlpCnJ797MCQ7XqJHx8","photos":["https://firebasestorage.googleapis.com/v0/b/emart-8d99f.appspot.com/o/emart%2FproductImages%2F3b03c724-f0e4-4e31-a8c4-eb63c3a06440.png?alt=media&token=e0bf83e8-a56d-4093-a8e3-6413632c8e7f"],"CustomerId":"sISQSJnzw0hYCz9l1hhm8HtdyHC2","profile":"https://firebasestorage.googleapis.com/v0/b/emart-8d99f.appspot.com/o/emart%2FUser%2Fimages%2FsISQSJnzw0hYCz9l1hhm8HtdyHC2.png?alt=media&token=98a31add-a7c9-4451-bd8d-2dab9e290094","Id":"Q7JHTR50faTdmnTrMDhF","comment":"best","uname":"scottwarner","orderid":"mC9w2v7eBjSYj00jee1q"},"QGrWi7bMJEHlzoucqYhr":{"orderid":"QNDj2zIjvN5JzTP6cq3D","driverId":"","VendorId":"GwOyOwE8Pq5oAsFSFrr1","comment":"nice","reviewAttributes":{},"uname":"Ali user","photos":["https://firebasestorage.googleapis.com/v0/b/emart-8d99f.appspot.com/o/emart%2FproductImages%2Fc03c3db2-b55b-449f-8f52-6f3c2b6a5fc7.png?alt=media&token=2ac140cf-17d2-4409-b03f-36c87cae5f32"],"rating":5,"CustomerId":"ZqquRzGD5wd3bbxFThkQZIzbOcA3","productId":"JhNb1MYB4IZ9OGbIX51t","profile":"","createdAt":{"_seconds":1668607630,"_nanoseconds":567324000},"Id":"QGrWi7bMJEHlzoucqYhr"},"QOehfWN0hb1W6CHjbP04":{"comment":"","Id":"QOehfWN0hb1W6CHjbP04","uname":"NikolasJohns","CustomerId":"jqVVvUjJR7MlacA7xn3ZbTXcr2j2","createdAt":{"_seconds":1669096807,"_nanoseconds":871534000},"profile":"https://firebasestorage.googleapis.com/v0/b/emart-8d99f.appspot.com/o/emart%2FUser%2Fimages%2FjqVVvUjJR7MlacA7xn3ZbTXcr2j2.png?alt=media&token=5a3fefdb-501d-4305-b4cf-9e603e427c82","productId":"","photos":[],"orderid":"Iz4wjlP3OelWVYl4BOE6","VendorId":"","reviewAttributes":null,"rating":4,"driverId":"6hQCBYbg9wQY3zoHrM8qU8OlKiZ2"},"QSytE2fm9SnpjO4crxBh":{"VendorId":"4bZg2TXp193BLBY214kp","uname":"Ali  user","profile":"https://firebasestorage.googleapis.com/v0/b/emart-8d99f.appspot.com/o/emart%2FUser%2Fimages%2FZqquRzGD5wd3bbxFThkQZIzbOcA3.png?alt=media&token=9a8af45e-98b1-420a-ba3e-4f84da3b33d7","productId":"i0J7rZkBXR4js3yCOASj","orderid":"63ad2533ba403","photos":[],"createdAt":{"_seconds":1672291816,"_nanoseconds":371000000},"rating":4,"comment":"Good Quality.Must buy product","CustomerId":"ZqquRzGD5wd3bbxFThkQZIzbOcA3","reviewAttributes":{"63493c00b14d6":3,"63493c152e305":3,"63493cb4250c6":3},"Id":"QSytE2fm9SnpjO4crxBh"},"RRrbJlSeIxHnzckpKOeB":{"comment":"handbag is not good, in 2 days zip was broken","orderid":"qlpfgIStoeCZYENOMpbE","VendorId":"Eb3Qp7ljEE6qml4BVitZ","CustomerId":"ZqquRzGD5wd3bbxFThkQZIzbOcA3","reviewAttributes":{},"rating":2,"driverId":"","profile":"","productId":"aCmXcDjihHzWINvOYnEx","createdAt":{"_seconds":1669880038,"_nanoseconds":92160000},"uname":"Ali user","photos":[],"Id":"RRrbJlSeIxHnzckpKOeB"},"RSyYQfX140Bwx8QKH8jo":{"orderid":"626bbddb6826a","profile":"","uname":"Nick warner","Id":"RSyYQfX140Bwx8QKH8jo","rating":1,"CustomerId":"sOfY3sSa6GRgIhOhLWQMT9fhaHr1","photos":[""],"comment":"","VendorId":"7mYdd13sHvuvYy31SsFd"},"RVnzNr2tG9XmQLVfSFZr":{"CustomerId":"ZqquRzGD5wd3bbxFThkQZIzbOcA3","orderid":"63a0116cc3e8b","reviewAttributes":{},"rating":3,"createdAt":{"_seconds":1671436081,"_nanoseconds":401000000},"driverId":"CMfrAcbLJ7NBIaJBTnH1JRrSuIT2","uname":"Ali ","profile":"","comment":"","Id":"RVnzNr2tG9XmQLVfSFZr"},"ReaPXLwwuroNGlUKJAB7":{"rating":5,"photos":[],"CustomerId":"OqUCXxlvX8S4OTjlC1x1iDvi0F22","uname":"Nikolasjackson","VendorId":"","comment":"driving skills good","profile":"https://firebasestorage.googleapis.com/v0/b/emart-8d99f.appspot.com/o/emart%2FUser%2Fimages%2FOqUCXxlvX8S4OTjlC1x1iDvi0F22.png?alt=media&token=da304280-eed0-41d2-8ac9-205282935cdf","orderid":"RihG4Qt2dHJQjhYG0lEr","driverId":"2Sm0qXeNdKMn9GoTVaa1yZcbilH2","Id":"ReaPXLwwuroNGlUKJAB7"},"S3b46sON9sLoPglfmhLu":{"rating":2,"comment":"review comment 1","photos":[],"orderid":"63aad4bddf5e3","uname":"michael vaghela","VendorId":"XAWsfpI1Eruu0dogkekJ","CustomerId":"kCkvhHfnerdhcidN1gBMBfH2KAO2","Id":"S3b46sON9sLoPglfmhLu","reviewAttributes":{"63493c152e305":4.5,"63493c00b14d6":0.5,"63493c834304c":3.5,"63493b46bb349":4},"productId":"63aac398c316b","createdAt":{"_seconds":1672235604,"_nanoseconds":880000000},"profile":""},"SzmDyPj4dSqrFxWOzf28":{"driverId":"QD5dQoRdnqX6mq2UuRNblqHJUDl1","Id":"SzmDyPj4dSqrFxWOzf28","rating":5,"comment":"5 rating","orderid":"63a290d52c578","reviewAttributes":{},"uname":"Ali ","profile":"","CustomerId":"ZqquRzGD5wd3bbxFThkQZIzbOcA3","createdAt":{"_seconds":1671599345,"_nanoseconds":37000000}},"T0fS72G55e8NHePBESSg":{"orderid":"lyXDozA1ihtGmOCGvqQt","productId":"mdc27l2NV68i7I3SrpSf","photos":["https://firebasestorage.googleapis.com/v0/b/emart-8d99f.appspot.com/o/emart%2FproductImages%2F99748aeb-2cff-4e34-bdfb-2b0d102672e3.png?alt=media&token=f4ca3ba6-d0d1-44d9-8e5f-fe5ef69ef7d3","https://firebasestorage.googleapis.com/v0/b/emart-8d99f.appspot.com/o/emart%2FproductImages%2Fcad809bb-f4f9-4c73-9db6-647222b883e9.png?alt=media&token=fd7e86de-9193-41b2-a914-3aa827ab1352"],"CustomerId":"FoWYOGCkXEYmXk3xWdSJWOGrlKe2","driverId":"","Id":"T0fS72G55e8NHePBESSg","createdAt":{"_seconds":1669900889,"_nanoseconds":268306000},"profile":"","reviewAttributes":{"63889f3a7e122":4.5,"63493c00b14d6":5,"63889f257ba40":4.5},"VendorId":"Eb3Qp7ljEE6qml4BVitZ","uname":"Aliasharma","rating":5,"comment":"like this amazing product"},"T9W8ZOnRJatDE12q3U0O":{"comment":"shirt fabric is not good. not buy it. ","reviewAttributes":{},"VendorId":"Eb3Qp7ljEE6qml4BVitZ","CustomerId":"FoWYOGCkXEYmXk3xWdSJWOGrlKe2","uname":"Aliasharma","orderid":"JVJA4E636E6cH4NCD26o","profile":"","rating":1,"Id":"T9W8ZOnRJatDE12q3U0O","driverId":"","photos":["https://firebasestorage.googleapis.com/v0/b/emart-8d99f.appspot.com/o/emart%2FproductImages%2F20529c0a-826a-402f-842b-856c2e5d06be.png?alt=media&token=265e3e09-6422-41a1-9935-2452f92f9811"],"productId":"xQ0XYpjkViOZ1pq94JMz","createdAt":{"_seconds":1669878242,"_nanoseconds":182031000}},"TukDIpLZsqjXD6g8EImo":{"createdAt":{"_seconds":1669024375,"_nanoseconds":834071000},"CustomerId":"jqVVvUjJR7MlacA7xn3ZbTXcr2j2","rating":4,"photos":[],"profile":"https://firebasestorage.googleapis.com/v0/b/emart-8d99f.appspot.com/o/emart%2FUser%2Fimages%2FjqVVvUjJR7MlacA7xn3ZbTXcr2j2.png?alt=media&token=5a3fefdb-501d-4305-b4cf-9e603e427c82","comment":"nice","VendorId":"","reviewAttributes":null,"orderid":"eWw4DD5G7Ntkjj6D0Uiy","Id":"TukDIpLZsqjXD6g8EImo","driverId":"6hQCBYbg9wQY3zoHrM8qU8OlKiZ2","uname":"NikolasJohns","productId":""},"Ubd9ypx5oduC7fpJ9hCL":{"Id":"Ubd9ypx5oduC7fpJ9hCL","VendorId":"Eb3Qp7ljEE6qml4BVitZ","orderid":"Pv17g7vWDqblJo578I1r","photos":["https://firebasestorage.googleapis.com/v0/b/emart-8d99f.appspot.com/o/emart%2FproductImages%2Fc7deb58d-c073-466e-9c0d-ddf152bbb6a9.png?alt=media&token=b562ef12-7605-4362-a808-b71c86e2432d","https://firebasestorage.googleapis.com/v0/b/emart-8d99f.appspot.com/o/emart%2FproductImages%2Fa9ae75ac-fb7e-41ab-a5d7-46ea0bffd561.png?alt=media&token=9e6292ae-7579-44be-8a0d-811b4715500d"],"profile":"","driverId":"","rating":5,"CustomerId":"FoWYOGCkXEYmXk3xWdSJWOGrlKe2","comment":"just amazing quality ❤🖤 color is very beautiful, I'm very happy with the product. ","productId":"iGd8d0xROoRXEjHqbyBZ","uname":"Aliasharma","reviewAttributes":{},"createdAt":{"_seconds":1669878147,"_nanoseconds":700466000}},"UiKw5EgLzG3uM97Br8TH":{"Id":"UiKw5EgLzG3uM97Br8TH","rating":5,"profile":"https://firebasestorage.googleapis.com/v0/b/emart-8d99f.appspot.com/o/emart%2FUser%2Fimages%2FY08DBlDzTDMjytmp0OEdF3OczNd2.png?alt=media&token=9dd34b27-d85f-4dab-9e9f-f0ef03081605","photos":["https://firebasestorage.googleapis.com/v0/b/emart-8d99f.appspot.com/o/emart%2FproductImages%2F1fefca92-90be-4672-8c62-ea35510527be.png?alt=media&token=f33446b6-b237-45e2-b896-ade58e98882e"],"comment":"smart watch nice product","orderid":"P4MCxFgUbPCF28pQZKma","CustomerId":"Y08DBlDzTDMjytmp0OEdF3OczNd2","uname":"AdanLawson","VendorId":"L4kMgV5WZUNex55grBSo"},"V7NvYKpYyYv4kiULrFKO":{"VendorId":"45pHLjMnn6JPtTDVvkHg","profile":"","reviewAttributes":{"63493c00b14d6":5,"63493cb4250c6":5,"63493c152e305":5},"photos":[],"rating":5,"Id":"V7NvYKpYyYv4kiULrFKO","orderid":"634f9d0de920b","CustomerId":"UXxMZQmGeweCWBbKqdC65NUx3tk1","createdAt":{"_seconds":1668077526,"_nanoseconds":856000000},"comment":"very good","productId":"633ed2f9124f8","uname":"Thakarshi Web"},"V7dMQP2sCiVHaBmcsDTb":{"comment":"watch product nice.","profile":"https://firebasestorage.googleapis.com/v0/b/emart-8d99f.appspot.com/o/emart%2FUser%2Fimages%2FY08DBlDzTDMjytmp0OEdF3OczNd2.png?alt=media&token=9dd34b27-d85f-4dab-9e9f-f0ef03081605","orderid":"KgiZ6ylVgjE4Vk0EdgfA","VendorId":"L4kMgV5WZUNex55grBSo","photos":["https://firebasestorage.googleapis.com/v0/b/emart-8d99f.appspot.com/o/emart%2FproductImages%2F08583799-a6e1-499c-8150-933da90d65b8.png?alt=media&token=ed88f2dc-de88-451d-ad5b-634966cce837"],"CustomerId":"Y08DBlDzTDMjytmp0OEdF3OczNd2","rating":3.5,"Id":"V7dMQP2sCiVHaBmcsDTb","uname":"AdanLawson"},"VRlJ5j6Jkgj5BPmuhqN9":{"Id":"VRlJ5j6Jkgj5BPmuhqN9","createdAt":{"_seconds":1668077569,"_nanoseconds":302000000},"reviewAttributes":{},"VendorId":"45pHLjMnn6JPtTDVvkHg","profile":"","rating":3,"photos":[],"uname":"Thakarshi Web","comment":"ok product","orderid":"634f9d0de920b","productId":"klqr3STHhUKJlrALhkhk","CustomerId":"UXxMZQmGeweCWBbKqdC65NUx3tk1"},"W4AuyIxc8HrqaqfjPssS":{"VendorId":"Eb3Qp7ljEE6qml4BVitZ","createdAt":{"_seconds":1669880236,"_nanoseconds":318098000},"comment":"average product ","orderid":"ektmOLxTwrXyA55MWkLS","photos":["https://firebasestorage.googleapis.com/v0/b/emart-8d99f.appspot.com/o/emart%2FproductImages%2Fd7d5107c-993b-4e9a-9648-56dbc16d6890.png?alt=media&token=c1ffd37e-1f41-4c5e-b40d-7481fe4000e8"],"driverId":"","Id":"W4AuyIxc8HrqaqfjPssS","CustomerId":"ZqquRzGD5wd3bbxFThkQZIzbOcA3","reviewAttributes":{},"rating":2.5,"profile":"","uname":"Ali user","productId":"ihCscKqhFP0izhiLBnQ8"},"WKrX7SFoair42dWwfDnQ":{"driverId":"","comment":"nice","VendorId":"GwOyOwE8Pq5oAsFSFrr1","photos":["https://firebasestorage.googleapis.com/v0/b/emart-8d99f.appspot.com/o/emart%2FproductImages%2Fd643f295-2f1e-4cfa-839c-6e249922d23b.png?alt=media&token=9657528c-39f1-4613-a05e-6e51ce032e4c"],"createdAt":{"_seconds":1668607632,"_nanoseconds":944014000},"profile":"","orderid":"QNDj2zIjvN5JzTP6cq3D","productId":"JhNb1MYB4IZ9OGbIX51t","uname":"Ali user","reviewAttributes":{},"Id":"WKrX7SFoair42dWwfDnQ","rating":5,"CustomerId":"ZqquRzGD5wd3bbxFThkQZIzbOcA3"},"XB4tZIppojG9g2qW9f5x":{"uname":"Ali user","createdAt":{"_seconds":1670221553,"_nanoseconds":14860000},"comment":"not like this product","VendorId":"Eb3Qp7ljEE6qml4BVitZ","productId":"mdc27l2NV68i7I3SrpSf","CustomerId":"ZqquRzGD5wd3bbxFThkQZIzbOcA3","reviewAttributes":{"63889f257ba40":1.5,"63889f3a7e122":2,"63493c00b14d6":1},"driverId":"","Id":"XB4tZIppojG9g2qW9f5x","profile":"","rating":2,"orderid":"dZSChmiNrKK98NL6Fjde","photos":[]},"XZaaOd66jUx9qYqJ7dbX":{"comment":"1.5 rating","orderid":"63a2954f5218e","reviewAttributes":{},"Id":"XZaaOd66jUx9qYqJ7dbX","profile":"","rating":1.5,"createdAt":{"_seconds":1671716621,"_nanoseconds":575000000},"driverId":"QD5dQoRdnqX6mq2UuRNblqHJUDl1","CustomerId":"ZqquRzGD5wd3bbxFThkQZIzbOcA3","uname":"Ali "},"XsNpAPTgZUf0Fu3i0GnH":{"profile":"https://firebasestorage.googleapis.com/v0/b/emart-8d99f.appspot.com/o/emart%2FUser%2Fimages%2FsISQSJnzw0hYCz9l1hhm8HtdyHC2.png?alt=media&token=98a31add-a7c9-4451-bd8d-2dab9e290094","CustomerId":"sISQSJnzw0hYCz9l1hhm8HtdyHC2","orderid":"JAzpJqgMypdLFBUlXXZH","photos":[],"reviewAttributes":null,"rating":4,"uname":"scott warner","VendorId":"","productId":"","comment":"M","Id":"XsNpAPTgZUf0Fu3i0GnH","driverId":"VX30PQqv8ThVugpSrqjL5f1FNz33"},"XtHgtv5YoO6SoeG7bHUm":{"photos":[],"profile":"","productId":"","CustomerId":"Ns8qYoc3UJe9Je80mpOeP4GT9vv2","VendorId":"","orderid":"fK507ljubhkjmOfjEObY","Id":"XtHgtv5YoO6SoeG7bHUm","createdAt":{"_seconds":1669374025,"_nanoseconds":282113000},"reviewAttributes":null,"driverId":"GchyfvbugzOhJrwZ65C9c1nWgwn2","rating":2.5,"comment":"g","uname":"MenilRadadiya  "},"Y2n2fKE51zvCaseClyy9":{"uname":"Nikolas jackson","photos":[],"driverId":"tAbxSAug7xUphB9LnM0coth8Qjj1","CustomerId":"OqUCXxlvX8S4OTjlC1x1iDvi0F22","Id":"Y2n2fKE51zvCaseClyy9","profile":"https://firebasestorage.googleapis.com/v0/b/emart-8d99f.appspot.com/o/emart%2FUser%2Fimages%2FOqUCXxlvX8S4OTjlC1x1iDvi0F22.png?alt=media&token=da304280-eed0-41d2-8ac9-205282935cdf","comment":"not Good service","VendorId":"","rating":2,"orderid":"srfOK2xHWoMXfRnMUWGo"},"YRxInO57ScsM2hj6xiwg":{"uname":"MenilRadadiya  ","photos":[],"rating":4,"createdAt":{"_seconds":1669374010,"_nanoseconds":815512000},"VendorId":"","productId":"","orderid":"b9kCJOkRC4ikOKtDNrBz","profile":"","driverId":"GchyfvbugzOhJrwZ65C9c1nWgwn2","Id":"YRxInO57ScsM2hj6xiwg","reviewAttributes":null,"CustomerId":"Ns8qYoc3UJe9Je80mpOeP4GT9vv2","comment":"v"},"Ysn0d0ld8WSaD5A55JtI":{"rating":4,"CustomerId":"ZqquRzGD5wd3bbxFThkQZIzbOcA3","createdAt":{"_seconds":1671429140,"_nanoseconds":335523000},"VendorId":"4bZg2TXp193BLBY214kp","profile":"https://firebasestorage.googleapis.com/v0/b/emart-8d99f.appspot.com/o/emart%2FUser%2Fimages%2FZqquRzGD5wd3bbxFThkQZIzbOcA3.png?alt=media&token=9a8af45e-98b1-420a-ba3e-4f84da3b33d7","uname":"Ali user","driverId":"","photos":[],"Id":"Ysn0d0ld8WSaD5A55JtI","orderid":"W15C9X1Au741H56QAE7T","reviewAttributes":{},"comment":"good","productId":"ccXUH701JziATtLpY9cc"},"ZQoNtE0GxFHNsrYlfPSD":{"createdAt":{"_seconds":1668435615,"_nanoseconds":615000000},"reviewAttributes":{"63493c152e305":4,"63493cb4250c6":3,"63493c00b14d6":5},"orderid":"63724e1d112e3","CustomerId":"UXxMZQmGeweCWBbKqdC65NUx3tk1","Id":"ZQoNtE0GxFHNsrYlfPSD","productId":"633ece3f95e0d","profile":"https://firebasestorage.googleapis.com/v0/b/emart-8d99f.appspot.com/o/images%2Fimages%20(2).jpg?alt=media&token=e5407ff9-6b8e-4f91-a8e1-f106f249dc1d","uname":"Thakarshi Web","VendorId":"N6vLt56wASa8LusWwEpl","photos":["https://firebasestorage.googleapis.com/v0/b/emart-8d99f.appspot.com/o/images%2F1668435610137.jpg?alt=media&token=1c6bed9c-d482-43f4-976b-84e9262f0eb3"],"comment":"Overall good","rating":4},"ZXSYuhTnNb2AwWm2yCHF":{"rating":4,"uname":"Ali user","CustomerId":"ZqquRzGD5wd3bbxFThkQZIzbOcA3","driverId":"","reviewAttributes":{"63889f257ba40":3,"63493c00b14d6":3.5,"63889f3a7e122":4},"Id":"ZXSYuhTnNb2AwWm2yCHF","photos":[],"productId":"iiePv5PeO9j9PChZLxzL","comment":"nice bag123","createdAt":{"_seconds":1671460339,"_nanoseconds":273465000},"VendorId":"4bZg2TXp193BLBY214kp","profile":"https://firebasestorage.googleapis.com/v0/b/emart-8d99f.appspot.com/o/emart%2FUser%2Fimages%2FZqquRzGD5wd3bbxFThkQZIzbOcA3.png?alt=media&token=9a8af45e-98b1-420a-ba3e-4f84da3b33d7","orderid":"hJv7nPfpP9sMizG63gZ1"},"ZYtFizEijYMSlotBGNKf":{"rating":4,"productId":"xQ0XYpjkViOZ1pq94JMz","VendorId":"Eb3Qp7ljEE6qml4BVitZ","Id":"ZYtFizEijYMSlotBGNKf","orderid":"X7WU2WQDse6j9RsxyT33","CustomerId":"ZqquRzGD5wd3bbxFThkQZIzbOcA3","createdAt":{"_seconds":1669879261,"_nanoseconds":505206000},"comment":"The shirt quality is awesome, firing is also good. go for it. ","uname":"Ali user","photos":["https://firebasestorage.googleapis.com/v0/b/emart-8d99f.appspot.com/o/emart%2FproductImages%2F49ed465d-1ac7-4779-bab2-3a6e924fd6f7.png?alt=media&token=a2912b30-b0e2-40ff-9e36-17ff0f202328","https://firebasestorage.googleapis.com/v0/b/emart-8d99f.appspot.com/o/emart%2FproductImages%2Fc3e191cb-37e9-4c72-8a89-b538d8dadafd.png?alt=media&token=ac859c53-5a9c-4012-b4b7-9783741acfa1","https://firebasestorage.googleapis.com/v0/b/emart-8d99f.appspot.com/o/emart%2FproductImages%2F271a71f7-93b6-4dae-9337-a580f9a30803.png?alt=media&token=9f5db810-dc05-4006-acd2-e0d772256352","https://firebasestorage.googleapis.com/v0/b/emart-8d99f.appspot.com/o/emart%2FproductImages%2Fd57d5624-3d75-4c72-b3fa-438e82f31f79.png?alt=media&token=55a15267-6132-469e-afc3-c292c72d534b"],"profile":"","reviewAttributes":{},"driverId":""},"ZcvFGAkaQdXqp15WSCYh":{"Id":"ZcvFGAkaQdXqp15WSCYh","CustomerId":"NvLlDPJc9mUq0fC019dUnJJQ5aG3","reviewAttributes":null,"comment":"ok","photos":[],"rating":4,"uname":"sm koi","profile":"","driverId":"pbcaZJUoXnZADBzBhClfQVesNOq1","orderid":"P0suTniO8X8E8Xv3wMFW","productId":"","VendorId":""},"ZvxJSOVb0Lwkmgwn1qkF":{"VendorId":"o5xe3oLlHFxYiY8IOmLa","photos":["https://firebasestorage.googleapis.com/v0/b/emart-8d99f.appspot.com/o/emart%2FproductImages%2F9178a46c-7339-4a32-9321-a906f8f22e08.png?alt=media&token=097aa354-ee3d-4b84-9449-e061cab6586f"],"uname":"AdanLawson","Id":"ZvxJSOVb0Lwkmgwn1qkF","rating":5,"CustomerId":"Y08DBlDzTDMjytmp0OEdF3OczNd2","profile":"","comment":"nice product","orderid":"CxuTNs1bba0nUjWK6llM"},"afmgsEWKInBXv7odpExX":{"comment":"just good","uname":"Thakarshi Web","profile":"","Id":"afmgsEWKInBXv7odpExX","productId":"633ed2f9124f8","rating":4,"orderid":"635136f9aee87","reviewAttributes":{"63493cb4250c6":3,"63493c00b14d6":5,"63493c152e305":4},"CustomerId":"UXxMZQmGeweCWBbKqdC65NUx3tk1","VendorId":"45pHLjMnn6JPtTDVvkHg","createdAt":{"_seconds":1668083021,"_nanoseconds":844000000},"photos":[]},"bALSoh6YSiIfweck4vT9":{"profile":"https://firebasestorage.googleapis.com/v0/b/emart-8d99f.appspot.com/o/emart%2FUser%2Fimages%2FZqquRzGD5wd3bbxFThkQZIzbOcA3.png?alt=media&token=9a8af45e-98b1-420a-ba3e-4f84da3b33d7","Id":"bALSoh6YSiIfweck4vT9","reviewAttributes":{"63a3e8de933f7":4,"63493c00b14d6":3},"productId":"z6iYfWVMZ2N14niOEhFh","CustomerId":"ZqquRzGD5wd3bbxFThkQZIzbOcA3","orderid":"63a933a8c1109","photos":[],"comment":"Rate=2,money=3,taste=4","rating":1.5,"uname":"Ali  user","createdAt":{"_seconds":1672112169,"_nanoseconds":818000000},"VendorId":"FaaLaMCwAZbcUSEWkzWF"},"bDDZCAHK5keHSxRK7U1n":{"profile":"","comment":"nice product value for money","CustomerId":"ZqquRzGD5wd3bbxFThkQZIzbOcA3","photos":["https://firebasestorage.googleapis.com/v0/b/emart-8d99f.appspot.com/o/emart%2FproductImages%2F30a6dbd1-5d18-45e1-9aa7-523008a0a79b.png?alt=media&token=5d2f971c-87b1-4f3d-84a4-e74b51a7d6e2","https://firebasestorage.googleapis.com/v0/b/emart-8d99f.appspot.com/o/emart%2FproductImages%2F158f5495-d8dd-4825-8cbe-a3bf90c2df33.png?alt=media&token=f0fa6c8b-52c2-4160-8514-5c1b531922ad","https://firebasestorage.googleapis.com/v0/b/emart-8d99f.appspot.com/o/emart%2FproductImages%2Fcbd61fa4-5600-40d8-8b97-f88fcf7b8252.png?alt=media&token=490e8e7d-d6ec-45c7-a9b7-3d3b4c106ae3","https://firebasestorage.googleapis.com/v0/b/emart-8d99f.appspot.com/o/emart%2FproductImages%2Fcb38acb7-c45b-4337-82a6-50245ec4c58e.png?alt=media&token=4cf619c7-0b04-4c31-ac59-49c326f7e764","https://firebasestorage.googleapis.com/v0/b/emart-8d99f.appspot.com/o/emart%2FproductImages%2F287d628c-f6c7-4d76-86c9-dec7f2e1f1d5.png?alt=media&token=e9fc359b-7a84-43d5-9381-8caeb769c376","https://firebasestorage.googleapis.com/v0/b/emart-8d99f.appspot.com/o/emart%2FproductImages%2Fd7f53d14-b1e3-4947-9143-68e79ed943d5.png?alt=media&token=f14b3440-db64-4731-8944-94666fa6c889"],"reviewAttributes":{"63493c00b14d6":4,"63889f3a7e122":4,"63889f257ba40":4},"rating":4,"orderid":"bVGTyyeCwYrNTdap7lRF","VendorId":"Eb3Qp7ljEE6qml4BVitZ","driverId":"","createdAt":{"_seconds":1670221683,"_nanoseconds":245661000},"uname":"Ali user","productId":"mdc27l2NV68i7I3SrpSf","Id":"bDDZCAHK5keHSxRK7U1n"},"bU84sltx3Mz46xBJJUHR":{"VendorId":"","Id":"bU84sltx3Mz46xBJJUHR","rating":5,"CustomerId":"sISQSJnzw0hYCz9l1hhm8HtdyHC2","photos":[],"comment":"Nice","orderid":"Pt6TSG00zfurpoFmdby7","profile":"https://firebasestorage.googleapis.com/v0/b/emart-8d99f.appspot.com/o/emart%2FUser%2Fimages%2FsISQSJnzw0hYCz9l1hhm8HtdyHC2.png?alt=media&token=98a31add-a7c9-4451-bd8d-2dab9e290094","productId":"","driverId":"VX30PQqv8ThVugpSrqjL5f1FNz33","reviewAttributes":null,"uname":"scott warner"},"dL4GBAomwzMFhzFQ6qAf":{"reviewAttributes":{},"driverId":"WMriFuuPm1bzir4wrOsoxRAD2SE3","CustomerId":"ZqquRzGD5wd3bbxFThkQZIzbOcA3","comment":"","uname":"Ali user","rating":4,"createdAt":{"_seconds":1672235397,"_nanoseconds":595724000},"profile":"https://firebasestorage.googleapis.com/v0/b/emart-8d99f.appspot.com/o/emart%2FUser%2Fimages%2FZqquRzGD5wd3bbxFThkQZIzbOcA3.png?alt=media&token=9a8af45e-98b1-420a-ba3e-4f84da3b33d7","productId":"","orderid":"X1hkDmcgJFYQN2Xn0d4j","Id":"dL4GBAomwzMFhzFQ6qAf","photos":[],"VendorId":""},"e8jxYdlVkCvtvFv4Uvm7":{"comment":"nice car and service","driverId":"92LkyYzlJeMVXeobQDXxKP5dmBE2","VendorId":"","uname":"Nikolas jackson","orderid":"i1mRy6VzXJzCYltmroR0","photos":[],"Id":"e8jxYdlVkCvtvFv4Uvm7","rating":5,"profile":"https://firebasestorage.googleapis.com/v0/b/emart-8d99f.appspot.com/o/emart%2FUser%2Fimages%2FOqUCXxlvX8S4OTjlC1x1iDvi0F22.png?alt=media&token=da304280-eed0-41d2-8ac9-205282935cdf","CustomerId":"OqUCXxlvX8S4OTjlC1x1iDvi0F22"},"eOs0hrtijAKMgwGtyl9k":{"rating":4,"VendorId":"MAA694QWVu04PVzsOpRH","orderid":"ramhRIv9KfK2ANIDPv6c","uname":"Tonnymark","photos":["https://firebasestorage.googleapis.com/v0/b/emart-8d99f.appspot.com/o/emart%2FproductImages%2F3cee23d3-1356-4ea7-a59f-c49d2d33a3b4.png?alt=media&token=1094f755-2922-412c-a48f-60c0fdf7e36e"],"CustomerId":"qCMJ3MQ13KVK4V5oqEJToPftuKA2","comment":"fresh product","profile":"https://firebasestorage.googleapis.com/v0/b/emart-8d99f.appspot.com/o/images%2Fimages.jpeg-28.jpg?alt=media&token=ef861f10-ad58-4ea5-9c76-1487a9be365f","Id":"eOs0hrtijAKMgwGtyl9k"},"ehcohyWkfyDIlnl3hVez":{"orderid":"i5KW3UK7ScPqGMaBcchK","uname":"Nikolas Johns","photos":[],"Id":"ehcohyWkfyDIlnl3hVez","rating":5,"VendorId":"","driverId":"PKMCd8eYMMNCoLKJ3GlHwPbF0oA3","reviewAttributes":null,"productId":"","createdAt":{"_seconds":1668773557,"_nanoseconds":170615000},"comment":"Good","CustomerId":"jqVVvUjJR7MlacA7xn3ZbTXcr2j2","profile":"https://firebasestorage.googleapis.com/v0/b/emart-8d99f.appspot.com/o/emart%2FUser%2Fimages%2FjqVVvUjJR7MlacA7xn3ZbTXcr2j2.png?alt=media&token=5a3fefdb-501d-4305-b4cf-9e603e427c82"},"f2SUwrykGZXfhRYTkYpk":{"profile":"","driverId":"RijWR4WjMFUaLOTbITkWS6pHGvy1","rating":5,"comment":"best","createdAt":{"_seconds":1671185994,"_nanoseconds":946000000},"reviewAttributes":{},"CustomerId":"FoWYOGCkXEYmXk3xWdSJWOGrlKe2","Id":"f2SUwrykGZXfhRYTkYpk","orderid":"63983788aa785"},"fGSm90U83EnSTDA6QBYe":{"orderid":"W15C9X1Au741H56QAE7T","createdAt":{"_seconds":1671429156,"_nanoseconds":755002000},"comment":"good","VendorId":"4bZg2TXp193BLBY214kp","profile":"https://firebasestorage.googleapis.com/v0/b/emart-8d99f.appspot.com/o/emart%2FUser%2Fimages%2FZqquRzGD5wd3bbxFThkQZIzbOcA3.png?alt=media&token=9a8af45e-98b1-420a-ba3e-4f84da3b33d7","productId":"XwrTs1SjbPakgY8Xm2Ox","rating":2,"CustomerId":"ZqquRzGD5wd3bbxFThkQZIzbOcA3","photos":[],"uname":"Ali user","driverId":"","Id":"fGSm90U83EnSTDA6QBYe","reviewAttributes":{"63493c00b14d6":2,"63493c152e305":4,"63493cb4250c6":4}},"fQ2M5cbEDSUCg55Kf24O":{"photos":[],"productId":"mdc27l2NV68i7I3SrpSf","CustomerId":"FoWYOGCkXEYmXk3xWdSJWOGrlKe2","rating":5,"reviewAttributes":{"63889f257ba40":2.5,"63493c00b14d6":4,"63889f3a7e122":3.5},"Id":"fQ2M5cbEDSUCg55Kf24O","profile":"","driverId":"","comment":"love this casual shirt","createdAt":{"_seconds":1669904124,"_nanoseconds":911558000},"VendorId":"Eb3Qp7ljEE6qml4BVitZ","orderid":"zE9qOo8r9LnyerhJ1Ie8","uname":"Aliasharma"},"g4QkJoDM2ifRo45PhySK":{"uname":"Thakarshi Web","rating":4,"comment":"This is very good product","CustomerId":"UXxMZQmGeweCWBbKqdC65NUx3tk1","productId":"636511b23fddc","orderid":"636a5e033ccaa","profile":"","VendorId":"45pHLjMnn6JPtTDVvkHg","Id":"g4QkJoDM2ifRo45PhySK","reviewAttributes":{},"createdAt":{"_seconds":1668077629,"_nanoseconds":823000000},"photos":[]},"h1PonnNmAlTJmOSYZSED":{"uname":"Ali  user","createdAt":{"_seconds":1672224169,"_nanoseconds":126000000},"photos":[],"profile":"https://firebasestorage.googleapis.com/v0/b/emart-8d99f.appspot.com/o/emart%2FUser%2Fimages%2FZqquRzGD5wd3bbxFThkQZIzbOcA3.png?alt=media&token=9a8af45e-98b1-420a-ba3e-4f84da3b33d7","orderid":"63abf800392df","VendorId":"8akcNIacIF7Nt4zLARpl","reviewAttributes":{},"productId":"63abf449dedfe","comment":"good product","Id":"h1PonnNmAlTJmOSYZSED","rating":5,"CustomerId":"ZqquRzGD5wd3bbxFThkQZIzbOcA3"},"hJdyShX9QIwyEvAWiMp2":{"comment":"Niceee","orderid":"XXqAZG5FKKT8gWadhPnl","productId":"","driverId":"rp6nROxz5meMRZPmmITSkKMTb2F3","rating":4,"Id":"hJdyShX9QIwyEvAWiMp2","VendorId":"","reviewAttributes":null,"createdAt":{"_seconds":1668774252,"_nanoseconds":715254000},"photos":[],"uname":"AdanLawson","profile":"https://firebasestorage.googleapis.com/v0/b/emart-8d99f.appspot.com/o/emart%2FUser%2Fimages%2FY08DBlDzTDMjytmp0OEdF3OczNd2.png?alt=media&token=9dd34b27-d85f-4dab-9e9f-f0ef03081605","CustomerId":"Y08DBlDzTDMjytmp0OEdF3OczNd2"},"hKsEzCRsbbqQXnryLikv":{"reviewAttributes":{},"Id":"hKsEzCRsbbqQXnryLikv","VendorId":"Eb3Qp7ljEE6qml4BVitZ","profile":"https://firebasestorage.googleapis.com/v0/b/emart-8d99f.appspot.com/o/emart%2FUser%2Fimages%2FZqquRzGD5wd3bbxFThkQZIzbOcA3.png?alt=media&token=9a8af45e-98b1-420a-ba3e-4f84da3b33d7","orderid":"lwKtdJFPSbLJHGhZFGZ5","comment":"nice","photos":[],"driverId":"","createdAt":{"_seconds":1671087177,"_nanoseconds":871204000},"CustomerId":"ZqquRzGD5wd3bbxFThkQZIzbOcA3","productId":"YoyY5X0bk9DG3ctH7gDp","uname":"Ali user","rating":5},"haGWJGC2yU2AftbbUsA1":{"Id":"haGWJGC2yU2AftbbUsA1","comment":"not good1111","productId":"iiePv5PeO9j9PChZLxzL","reviewAttributes":{},"orderid":"wjRblyDdHXpjf1a0Fn4Y","photos":[],"profile":"https://firebasestorage.googleapis.com/v0/b/emart-8d99f.appspot.com/o/emart%2FUser%2Fimages%2FZqquRzGD5wd3bbxFThkQZIzbOcA3.png?alt=media&token=9a8af45e-98b1-420a-ba3e-4f84da3b33d7","createdAt":{"_seconds":1671460117,"_nanoseconds":446553000},"uname":"Ali user","driverId":"","VendorId":"4bZg2TXp193BLBY214kp","CustomerId":"ZqquRzGD5wd3bbxFThkQZIzbOcA3","rating":2.5},"hfFL6EUdvKPQhiW1hCFb":{"CustomerId":"fObE1hmasIVI00GArNBOvOvZIXC2","profile":"","productId":"6374c45706a7b","comment":"Good","VendorId":"N6vLt56wASa8LusWwEpl","Id":"hfFL6EUdvKPQhiW1hCFb","photos":[],"orderid":"63ab00edcfeb4","reviewAttributes":{"63493c00b14d6":4.5,"63889f3a7e122":2.5,"63889f257ba40":3.5},"createdAt":{"_seconds":1672296737,"_nanoseconds":300000000},"uname":"Thakarshi Makwana","rating":3.5},"hg4KbHMo9JAqkDsiLT1D":{"uname":"Aliasharma","reviewAttributes":{"63493c00b14d6":3,"63889f3a7e122":3,"63889f257ba40":3},"comment":"average product","createdAt":{"_seconds":1669903962,"_nanoseconds":550613000},"driverId":"","Id":"hg4KbHMo9JAqkDsiLT1D","VendorId":"Eb3Qp7ljEE6qml4BVitZ","productId":"mdc27l2NV68i7I3SrpSf","profile":"","rating":3,"orderid":"tokdkT5qmLmeY5hcsi1C","photos":[],"CustomerId":"FoWYOGCkXEYmXk3xWdSJWOGrlKe2"},"hp1FaRacEfceYzmP0Ix3":{"Id":"hp1FaRacEfceYzmP0Ix3","orderid":"F64he5wUDZ24d1IuQX5x","photos":[],"VendorId":"","uname":"Adan Lawson","CustomerId":"Y08DBlDzTDMjytmp0OEdF3OczNd2","reviewAttributes":null,"driverId":"rp6nROxz5meMRZPmmITSkKMTb2F3","rating":4,"comment":"Nice","profile":"https://firebasestorage.googleapis.com/v0/b/emart-8d99f.appspot.com/o/emart%2FUser%2Fimages%2FY08DBlDzTDMjytmp0OEdF3OczNd2.png?alt=media&token=9dd34b27-d85f-4dab-9e9f-f0ef03081605","createdAt":{"_seconds":1668773063,"_nanoseconds":872707000},"productId":""},"ijwqtZpuLopNN5pnAWHC":{"VendorId":"Eb3Qp7ljEE6qml4BVitZ","uname":"MenilRadadiya  ","productId":"L9cSyw7ThuQHfMejS5no","createdAt":{"_seconds":1669954684,"_nanoseconds":696615000},"comment":"Nice","orderid":"cVcLLGHpatHTRwd8Qkru","reviewAttributes":{"63889f257ba40":1,"63493c00b14d6":1,"63889f3a7e122":1.5},"driverId":"","CustomerId":"Ns8qYoc3UJe9Je80mpOeP4GT9vv2","rating":4,"photos":["https://firebasestorage.googleapis.com/v0/b/emart-8d99f.appspot.com/o/emart%2FproductImages%2F2e53a64b-ad7f-4b1d-b42b-96c0dfe222d3.png?alt=media&token=8d397b3b-5811-4ebf-8447-e1dc3a04aa8f"],"Id":"ijwqtZpuLopNN5pnAWHC","profile":""},"is9Ngncxi2jbYFMchpwH":{"rating":3,"photos":["https://firebasestorage.googleapis.com/v0/b/emart-8d99f.appspot.com/o/emart%2FproductImages%2F06bc48d3-5114-4a72-8f68-5b11ebdd3a5e.png?alt=media&token=333f34fc-1b91-45b9-942b-087e4a2f1dcc"],"comment":"avrage product.","uname":"AdanLawson","Id":"is9Ngncxi2jbYFMchpwH","CustomerId":"Y08DBlDzTDMjytmp0OEdF3OczNd2","orderid":"gcFIFn9RyyjHhS91uClw","profile":"https://firebasestorage.googleapis.com/v0/b/emart-8d99f.appspot.com/o/emart%2FUser%2Fimages%2FY08DBlDzTDMjytmp0OEdF3OczNd2.png?alt=media&token=9dd34b27-d85f-4dab-9e9f-f0ef03081605","VendorId":"L4kMgV5WZUNex55grBSo"},"jREb6MtbGz2nBpwArPbZ":{"VendorId":"4bZg2TXp193BLBY214kp","productId":"XwrTs1SjbPakgY8Xm2Ox","profile":"https://firebasestorage.googleapis.com/v0/b/emart-8d99f.appspot.com/o/emart%2FUser%2Fimages%2FZqquRzGD5wd3bbxFThkQZIzbOcA3.png?alt=media&token=9a8af45e-98b1-420a-ba3e-4f84da3b33d7","orderid":"63ad2533ba403","CustomerId":"ZqquRzGD5wd3bbxFThkQZIzbOcA3","Id":"jREb6MtbGz2nBpwArPbZ","reviewAttributes":{"63493cb4250c6":4,"63493c00b14d6":5,"63493c152e305":4},"comment":"This watch is worth to buy.best product.quality is so good.","createdAt":{"_seconds":1672291865,"_nanoseconds":269000000},"photos":[],"uname":"Ali  user","rating":5},"jk7GxLiwPC0UK4I97smI":{"orderid":"63a18daec46fc","uname":"Ali ","profile":"","createdAt":{"_seconds":1671768364,"_nanoseconds":948000000},"rating":2.5,"reviewAttributes":{},"driverId":"73PuEN9eVoWU4uyJ5ijdMz0ORvg1","comment":"2.5 rating","Id":"jk7GxLiwPC0UK4I97smI","CustomerId":"ZqquRzGD5wd3bbxFThkQZIzbOcA3"},"jxgPvExTStxD61uSSptw":{"CustomerId":"Ns8qYoc3UJe9Je80mpOeP4GT9vv2","comment":"Avarage","productId":"","uname":"MenilRadadiya  ","Id":"jxgPvExTStxD61uSSptw","VendorId":"","photos":[],"createdAt":{"_seconds":1669374052,"_nanoseconds":230931000},"driverId":"WMriFuuPm1bzir4wrOsoxRAD2SE3","reviewAttributes":null,"orderid":"Q1YXo3c2Mt637ViOgHVo","rating":5,"profile":""},"k6GyI3OdKrbXq1XM66jP":{"VendorId":"","Id":"k6GyI3OdKrbXq1XM66jP","rating":5,"orderid":"dWmr49uL3j374sUZvFv1","photos":[],"driverId":"rUUFUanPcPWo1jjbMTLrMieB2vt2","profile":"https://firebasestorage.googleapis.com/v0/b/emart-8d99f.appspot.com/o/emart%2FUser%2Fimages%2FOqUCXxlvX8S4OTjlC1x1iDvi0F22.png?alt=media&token=da304280-eed0-41d2-8ac9-205282935cdf","comment":"good","uname":"Nikolasjackson","CustomerId":"OqUCXxlvX8S4OTjlC1x1iDvi0F22"},"loAtTx2Zvu3aRMnUIcT8":{"Id":"loAtTx2Zvu3aRMnUIcT8","reviewAttributes":{"63493c00b14d6":5,"63493cb4250c6":5,"63493c152e305":5},"uname":"Kevin Patel","createdAt":{"_seconds":1668516867,"_nanoseconds":141000000},"comment":"Awesome watch","profile":"","productId":"633ece3f95e0d","rating":5,"VendorId":"N6vLt56wASa8LusWwEpl","photos":[],"orderid":"63738b90d9eba","CustomerId":"YRR66ks6dpOJc7usDGB7wmBAcOi1"},"lyGxnzeOOj3zJaUTqR1e":{"comment":"car not good","uname":"Ali ","createdAt":{"_seconds":1671517082,"_nanoseconds":476000000},"rating":2,"reviewAttributes":{},"profile":"","driverId":"CMfrAcbLJ7NBIaJBTnH1JRrSuIT2","orderid":"63a1514286b22","Id":"lyGxnzeOOj3zJaUTqR1e","CustomerId":"ZqquRzGD5wd3bbxFThkQZIzbOcA3"},"lzZa50T9oD9wVloGA8A7":{"VendorId":"Eb3Qp7ljEE6qml4BVitZ","profile":"","comment":"I did not like this product","CustomerId":"FoWYOGCkXEYmXk3xWdSJWOGrlKe2","reviewAttributes":{"63889f257ba40":2,"63493c00b14d6":1,"63889f3a7e122":2},"photos":[],"productId":"mdc27l2NV68i7I3SrpSf","Id":"lzZa50T9oD9wVloGA8A7","orderid":"FX2E2gEb1fmJkSLctmwZ","rating":3,"driverId":"","createdAt":{"_seconds":1669900098,"_nanoseconds":27361000},"uname":"Aliasharma"},"m4QQqTNidYrYCk0Vmwcj":{"uname":"AdanLawson","rating":3,"CustomerId":"Y08DBlDzTDMjytmp0OEdF3OczNd2","photos":["https://firebasestorage.googleapis.com/v0/b/emart-8d99f.appspot.com/o/emart%2FproductImages%2F7c2a1972-0518-43fd-9139-ead39fd9bcb6.png?alt=media&token=6f38b520-4127-4fff-89f4-6a1fa4a913b3"],"comment":"aevrage product","VendorId":"o5xe3oLlHFxYiY8IOmLa","orderid":"kz7GODBjb12vlkHQ105U","profile":"","Id":"m4QQqTNidYrYCk0Vmwcj"},"mD2WPdUcXKDFhxJV1oP2":{"VendorId":"Eb3Qp7ljEE6qml4BVitZ","createdAt":{"_seconds":1671101917,"_nanoseconds":444816000},"rating":5,"CustomerId":"ZqquRzGD5wd3bbxFThkQZIzbOcA3","productId":"YoyY5X0bk9DG3ctH7gDp","Id":"mD2WPdUcXKDFhxJV1oP2","profile":"https://firebasestorage.googleapis.com/v0/b/emart-8d99f.appspot.com/o/emart%2FUser%2Fimages%2FZqquRzGD5wd3bbxFThkQZIzbOcA3.png?alt=media&token=9a8af45e-98b1-420a-ba3e-4f84da3b33d7","orderid":"G3ujzV0PDIyFg6foeRyP","comment":"nice quality of shirt","uname":"Ali user","photos":[],"reviewAttributes":{"63493c00b14d6":4,"63889f257ba40":5,"63889f3a7e122":4},"driverId":""},"nDbCa3m7uw2oOnJmK5Hj":{"orderid":"lWeZcrgRGCiZ9cCi431o","uname":"Nikolas jackson","photos":[],"driverId":"92LkyYzlJeMVXeobQDXxKP5dmBE2","CustomerId":"OqUCXxlvX8S4OTjlC1x1iDvi0F22","Id":"nDbCa3m7uw2oOnJmK5Hj","rating":3,"profile":"https://firebasestorage.googleapis.com/v0/b/emart-8d99f.appspot.com/o/emart%2FUser%2Fimages%2FOqUCXxlvX8S4OTjlC1x1iDvi0F22.png?alt=media&token=da304280-eed0-41d2-8ac9-205282935cdf","VendorId":"","comment":"average service"},"nYjhXHhnJ1HvEfrRuJak":{"photos":[],"driverId":"pbcaZJUoXnZADBzBhClfQVesNOq1","productId":"","reviewAttributes":null,"uname":"sm koi","comment":"nice behaviour ","rating":5,"VendorId":"","CustomerId":"NvLlDPJc9mUq0fC019dUnJJQ5aG3","profile":"","orderid":"u2kEzg2FXRnMQyQoBWog","Id":"nYjhXHhnJ1HvEfrRuJak"},"nhrNGtH2uwwtrGy29mR1":{"Id":"nhrNGtH2uwwtrGy29mR1","VendorId":"FaaLaMCwAZbcUSEWkzWF","productId":"z6iYfWVMZ2N14niOEhFh","profile":"","photos":[],"rating":3,"reviewAttributes":{"63a3e8de933f7":2,"63493c00b14d6":2},"CustomerId":"kCkvhHfnerdhcidN1gBMBfH2KAO2","comment":"nice","orderid":"63ab221f96a53","createdAt":{"_seconds":1672159971,"_nanoseconds":587000000},"uname":"michael vaghela"},"pImwsEAt57u2dir9PSSI":{"profile":"https://firebasestorage.googleapis.com/v0/b/emart-8d99f.appspot.com/o/emart%2FUser%2Fimages%2FOqUCXxlvX8S4OTjlC1x1iDvi0F22.png?alt=media&token=da304280-eed0-41d2-8ac9-205282935cdf","comment":"good 1","VendorId":"","photos":[],"Id":"pImwsEAt57u2dir9PSSI","driverId":"tAbxSAug7xUphB9LnM0coth8Qjj1","orderid":"D26iOLjSo8Zb6z0NMrR6","uname":"Nikolasjackson","CustomerId":"OqUCXxlvX8S4OTjlC1x1iDvi0F22","rating":4},"pO5DViTDJnjtYmtQMeeS":{"uname":"test","driverId":"26vGMzkD04VBATc4yyPmM0DgVX63","orderid":"63a14c2081727","comment":"test rating","rating":2,"CustomerId":"9nFeJcyweYXWi1I27Ur7wSRt1rF2","Id":"pO5DViTDJnjtYmtQMeeS","reviewAttributes":{},"profile":"","createdAt":{"_seconds":1671516108,"_nanoseconds":223000000}},"q3TIl947pxtybE8exWZe":{"comment":"Best","rating":4,"Id":"q3TIl947pxtybE8exWZe","uname":"customerdhanush","profile":"https://firebasestorage.googleapis.com/v0/b/gromart-5dd93.appspot.com/o/images%2F9ZZwodmJl5h3bl5bYWuDTTKXzN23.png?alt=media&token=d1c112a8-7110-468d-bc6c-2431abe215e6","CustomerId":"9ZZwodmJl5h3bl5bYWuDTTKXzN23","VendorId":"YdFpY9pCnXeHKp6fKWde","photos":["https://firebasestorage.googleapis.com/v0/b/gromart-5dd93.appspot.com/o/flutter%2FuberEats%2FproductImages%2F911562eb-f4df-495b-b8bd-ac30df6df3ae.png?alt=media&token=6c0748fe-fc14-4888-9ddd-1530a3d19fe2"],"orderid":"UsvgowlUFNV9v5F33zV7"},"qZNXQt0S0zPh3IX5jGEI":{"photos":["https://firebasestorage.googleapis.com/v0/b/emart-8d99f.appspot.com/o/emart%2FproductImages%2F2bfc0b42-825f-43c7-adee-d0670b547945.png?alt=media&token=a1f3e7f1-8408-4211-a522-372ad13eaec0"],"reviewAttributes":{},"Id":"qZNXQt0S0zPh3IX5jGEI","productId":"1ZKzFaMFWTOogcVKGUQk","profile":"","uname":"Ali user","CustomerId":"ZqquRzGD5wd3bbxFThkQZIzbOcA3","createdAt":{"_seconds":1668607793,"_nanoseconds":262512000},"comment":"apple nice","rating":4,"driverId":"","orderid":"37XBpcqdvyly1EmTswfZ","VendorId":"GwOyOwE8Pq5oAsFSFrr1"},"qeOhSaJW8r360pSPldIv":{"uname":"Ali ","rating":4,"reviewAttributes":{},"CustomerId":"ZqquRzGD5wd3bbxFThkQZIzbOcA3","comment":"good service provided.","orderid":"63a002270a42b","createdAt":{"_seconds":1671436184,"_nanoseconds":621000000},"driverId":"CMfrAcbLJ7NBIaJBTnH1JRrSuIT2","profile":"","Id":"qeOhSaJW8r360pSPldIv"},"qmNwuDHKy9lujmGtywgH":{"profile":"https://firebasestorage.googleapis.com/v0/b/emart-8d99f.appspot.com/o/emart%2FUser%2Fimages%2FZqquRzGD5wd3bbxFThkQZIzbOcA3.png?alt=media&token=9a8af45e-98b1-420a-ba3e-4f84da3b33d7","photos":[],"CustomerId":"ZqquRzGD5wd3bbxFThkQZIzbOcA3","comment":"car is awesome, good rental service. ","orderid":"QhWmBCzgIkIazzRmSHWU","productId":"","uname":"Ali user","VendorId":"","createdAt":{"_seconds":1671449185,"_nanoseconds":172000000},"driverId":"CMfrAcbLJ7NBIaJBTnH1JRrSuIT2","reviewAttributes":{},"rating":5,"Id":"qmNwuDHKy9lujmGtywgH"},"rJEsl40LSG3Mz0KCT77F":{"driverId":"WMriFuuPm1bzir4wrOsoxRAD2SE3","productId":"","orderid":"1opzFrs9QFPclUvcQCFI","reviewAttributes":{},"uname":"Ali user","CustomerId":"ZqquRzGD5wd3bbxFThkQZIzbOcA3","photos":[],"createdAt":{"_seconds":1672235418,"_nanoseconds":444841000},"comment":"","profile":"https://firebasestorage.googleapis.com/v0/b/emart-8d99f.appspot.com/o/emart%2FUser%2Fimages%2FZqquRzGD5wd3bbxFThkQZIzbOcA3.png?alt=media&token=9a8af45e-98b1-420a-ba3e-4f84da3b33d7","VendorId":"","Id":"rJEsl40LSG3Mz0KCT77F","rating":5},"rOYE1u6HOJpc6l4wN89a":{"orderid":"QNDj2zIjvN5JzTP6cq3D","createdAt":{"_seconds":1668607723,"_nanoseconds":683573000},"Id":"rOYE1u6HOJpc6l4wN89a","uname":"Ali user","CustomerId":"ZqquRzGD5wd3bbxFThkQZIzbOcA3","productId":"rPH303sJKzN5fCMrpVNv","driverId":"","reviewAttributes":{},"profile":"","photos":["https://firebasestorage.googleapis.com/v0/b/emart-8d99f.appspot.com/o/emart%2FproductImages%2F92614a66-5eba-4a6b-b990-bde4a50e089a.png?alt=media&token=2d9f99e9-02a6-426d-ba87-3b978f1980a2"],"rating":3,"comment":"aevrage","VendorId":"GwOyOwE8Pq5oAsFSFrr1"},"rS4CGl1C3JScwOdTISBm":{"CustomerId":"fObE1hmasIVI00GArNBOvOvZIXC2","createdAt":{"_seconds":1671797494,"_nanoseconds":872000000},"rating":5,"uname":"Thakarshi Makwana","comment":"Awesome","photos":[],"Id":"rS4CGl1C3JScwOdTISBm","reviewAttributes":{"63a3e8de933f7":5,"63493c00b14d6":5},"profile":"","orderid":"63a5990a89d02","VendorId":"FaaLaMCwAZbcUSEWkzWF","productId":"z6iYfWVMZ2N14niOEhFh"},"s4BVzXNZgoY6mfmYw1Kw":{"comment":"nice","orderid":"AGmVgZ16mVavG4catE97","rating":5,"CustomerId":"ZqquRzGD5wd3bbxFThkQZIzbOcA3","profile":"","createdAt":{"_seconds":1668778840,"_nanoseconds":672896000},"reviewAttributes":null,"productId":"","Id":"s4BVzXNZgoY6mfmYw1Kw","photos":[],"driverId":"6LF1T9CwH6YFskTpntmED8Z8stX2","uname":"Ali  user","VendorId":""},"sFIObhN5rwjpwi5aCAKV":{"uname":"Ali  user","VendorId":"4bZg2TXp193BLBY214kp","productId":"iiePv5PeO9j9PChZLxzL","createdAt":{"_seconds":1671517506,"_nanoseconds":817000000},"CustomerId":"ZqquRzGD5wd3bbxFThkQZIzbOcA3","rating":5,"photos":[],"profile":"https://firebasestorage.googleapis.com/v0/b/emart-8d99f.appspot.com/o/emart%2FUser%2Fimages%2FZqquRzGD5wd3bbxFThkQZIzbOcA3.png?alt=media&token=9a8af45e-98b1-420a-ba3e-4f84da3b33d7","orderid":"87m12taBBgUPH6HybQiZ","Id":"sFIObhN5rwjpwi5aCAKV","comment":"good item","reviewAttributes":{}},"siNaFzpx2dXRGEqaV9vV":{"CustomerId":"ZqquRzGD5wd3bbxFThkQZIzbOcA3","reviewAttributes":{},"Id":"siNaFzpx2dXRGEqaV9vV","profile":"","driverId":"QD5dQoRdnqX6mq2UuRNblqHJUDl1","comment":"2 rating","rating":2,"createdAt":{"_seconds":1671599561,"_nanoseconds":770000000},"orderid":"63a294a3ddcdb","uname":"Ali "},"tJHufs1jiDWuXVZvix6N":{"rating":5,"profile":"","comment":"fghjkl","Id":"tJHufs1jiDWuXVZvix6N","uname":"Ashish barai","photos":["https://firebasestorage.googleapis.com/v0/b/emart-8d99f.appspot.com/o/emart%2FproductImages%2F4e8f0203-2dcc-45d4-8f45-d7de34165af1.png?alt=media&token=6f3c7931-f777-4000-bcce-2e956aae9bf6"],"VendorId":"JWYjZEtNlQKI46S48a6T","orderid":"634f668487e55","CustomerId":"WfJaoUhSLlZShBou9eHVJr4p2mw1"},"uNybRUoFd4n003gmXTxi":{"CustomerId":"sISQSJnzw0hYCz9l1hhm8HtdyHC2","VendorId":"9UACE5mBsbyzlQ42fIHc","profile":"https://firebasestorage.googleapis.com/v0/b/emart-8d99f.appspot.com/o/emart%2FUser%2Fimages%2FsISQSJnzw0hYCz9l1hhm8HtdyHC2.png?alt=media&token=98a31add-a7c9-4451-bd8d-2dab9e290094","Id":"uNybRUoFd4n003gmXTxi","comment":"Best quality","photos":["https://firebasestorage.googleapis.com/v0/b/emart-8d99f.appspot.com/o/emart%2FproductImages%2F4f1ef0b6-9895-4cd7-9c5f-7250d301c440.png?alt=media&token=f3de9c27-8379-4aee-93eb-64a71fe09bbe"],"rating":4,"uname":"scottwarner","orderid":"jDCPg4QPRbbdQLZZ5Sro"},"uQEPpuDtLcbJajmyjNQe":{"profile":"","createdAt":{"_seconds":1671507401,"_nanoseconds":581000000},"Id":"uQEPpuDtLcbJajmyjNQe","driverId":"OqOYuv0DAbf8CTvRscsPpMtX1V92","orderid":"639b1321e864b","rating":2,"reviewAttributes":{},"comment":"Testing","CustomerId":"9nFeJcyweYXWi1I27Ur7wSRt1rF2","uname":"test"},"ut4I4BFmFDVUFd1tOfUE":{"orderid":"ixWVueRqO9D9axEr8quu","comment":"ss","rating":5,"uname":"bobbob","Id":"ut4I4BFmFDVUFd1tOfUE","CustomerId":"t3kk8RhUIFfnxRWeQOTWKhppUz43","VendorId":"9UACE5mBsbyzlQ42fIHc","photos":["https://firebasestorage.googleapis.com/v0/b/emart-8d99f.appspot.com/o/emart%2FproductImages%2F1675e2d6-1f3b-4f1d-b798-59848c8e9639.png?alt=media&token=bf7dfdf8-adcd-47d6-8ca0-4247f333bd61"],"profile":""},"vD0BGEljusBbqiRqezum":{"productId":"SzH2weOb7fBPrqE6Kt3f","uname":"AdanLawson","VendorId":"Zr2YadPZ9mUuwUDj4Yxr","driverId":"","photos":["https://firebasestorage.googleapis.com/v0/b/emart-8d99f.appspot.com/o/emart%2FproductImages%2Fcda4ccfb-117c-4d74-927b-047cb7d70710.png?alt=media&token=cb060403-876b-4df9-bace-10ea5e7b5776"],"orderid":"2ZbX7Z5VohmLNKtr5shM","CustomerId":"Y08DBlDzTDMjytmp0OEdF3OczNd2","reviewAttributes":{"63493c00b14d6":5,"63493c152e305":5},"Id":"vD0BGEljusBbqiRqezum","profile":"https://firebasestorage.googleapis.com/v0/b/emart-8d99f.appspot.com/o/emart%2FUser%2Fimages%2FY08DBlDzTDMjytmp0OEdF3OczNd2.png?alt=media&token=9dd34b27-d85f-4dab-9e9f-f0ef03081605","rating":3,"comment":"Nice Product"},"vQS8cegegFKT7YTNbCGa":{"orderid":"opgrICzYJd3etQRv0qLS","createdAt":{"_seconds":1670221524,"_nanoseconds":646406000},"productId":"aCmXcDjihHzWINvOYnEx","photos":[],"reviewAttributes":{"63493c00b14d6":2.5,"63889f257ba40":3,"63889f3a7e122":4},"profile":"","rating":4,"Id":"vQS8cegegFKT7YTNbCGa","VendorId":"Eb3Qp7ljEE6qml4BVitZ","comment":"beautiful bag","CustomerId":"ZqquRzGD5wd3bbxFThkQZIzbOcA3","driverId":"","uname":"Ali user"},"vaZde8xnBzWMmbCwvxUz":{"uname":"MenilRadadiya  ","driverId":"","rating":3,"VendorId":"Eb3Qp7ljEE6qml4BVitZ","Id":"vaZde8xnBzWMmbCwvxUz","createdAt":{"_seconds":1670318527,"_nanoseconds":708243000},"CustomerId":"Ns8qYoc3UJe9Je80mpOeP4GT9vv2","reviewAttributes":{"63889f3a7e122":3.5,"63493c00b14d6":4,"63889f257ba40":3.5},"orderid":"NoYiqtXI6Bsz3e3uFkvN","photos":[],"profile":"","productId":"bRAmV2feZf0JFfdM0Gw3","comment":"Nice"},"vkzbPfBBzzQDsxbgIlYs":{"uname":"MenilRadadiya  ","comment":"Nice","profile":"","reviewAttributes":null,"productId":"","photos":[],"driverId":"WMriFuuPm1bzir4wrOsoxRAD2SE3","CustomerId":"Ns8qYoc3UJe9Je80mpOeP4GT9vv2","rating":5,"createdAt":{"_seconds":1669373754,"_nanoseconds":938920000},"Id":"vkzbPfBBzzQDsxbgIlYs","orderid":"fApDqtFSPH34R3av1XU9","VendorId":""},"wHwHWtsbTFXNuwi0MYK9":{"orderid":"pfeurCc3mt1U8b5bVXSy","comment":"nice","profile":"https://firebasestorage.googleapis.com/v0/b/emart-8d99f.appspot.com/o/emart%2FUser%2Fimages%2FZqquRzGD5wd3bbxFThkQZIzbOcA3.png?alt=media&token=9a8af45e-98b1-420a-ba3e-4f84da3b33d7","uname":"Ali user","reviewAttributes":{"63493c00b14d6":4,"63493c152e305":4.5,"63493cb4250c6":4},"createdAt":{"_seconds":1671104853,"_nanoseconds":162795000},"Id":"wHwHWtsbTFXNuwi0MYK9","photos":[],"productId":"ir7ZQbrN1uLtp6UqduDN","rating":4,"driverId":"","CustomerId":"ZqquRzGD5wd3bbxFThkQZIzbOcA3","VendorId":"Eb3Qp7ljEE6qml4BVitZ"},"wIEj0dJ2q6IrZmik9wbK":{"createdAt":{"_seconds":1668519932,"_nanoseconds":612000000},"uname":"Thakarshi Web","Id":"wIEj0dJ2q6IrZmik9wbK","rating":4,"VendorId":"N6vLt56wASa8LusWwEpl","comment":"Just good","productId":"633c3ee3359f5","orderid":"637397b00a229","photos":[],"profile":"https://firebasestorage.googleapis.com/v0/b/emart-8d99f.appspot.com/o/images%2Fimages%20(2).jpg?alt=media&token=e5407ff9-6b8e-4f91-a8e1-f106f249dc1d","CustomerId":"UXxMZQmGeweCWBbKqdC65NUx3tk1","reviewAttributes":{"63493c00b14d6":4,"63493cb4250c6":4,"63493c152e305":4}},"wKs45uU5P42gBL0lcPrg":{"Id":"wKs45uU5P42gBL0lcPrg","uname":"Ali user","CustomerId":"ZqquRzGD5wd3bbxFThkQZIzbOcA3","reviewAttributes":{},"driverId":"","VendorId":"GwOyOwE8Pq5oAsFSFrr1","orderid":"A0cKpuAmIy10XZwOeiWR","productId":"1ZKzFaMFWTOogcVKGUQk","rating":4.5,"photos":[],"comment":"fresh apple","createdAt":{"_seconds":1669990435,"_nanoseconds":108196000},"profile":""},"wV1qM6T9qn8lNRfyqbuA":{"VendorId":"Eb3Qp7ljEE6qml4BVitZ","orderid":"ag9VOeMvQ8eLjM0VVbm8","reviewAttributes":{},"driverId":"","rating":4,"profile":"","CustomerId":"ZqquRzGD5wd3bbxFThkQZIzbOcA3","uname":"Ali user","comment":"it is nice, I loved it. ","photos":[],"Id":"wV1qM6T9qn8lNRfyqbuA","productId":"iGd8d0xROoRXEjHqbyBZ","createdAt":{"_seconds":1669880081,"_nanoseconds":407584000}},"xNqIemSfiIhMdx6CQCIq":{"CustomerId":"bUBcZOyfDwSlK3Vw1VcED9gvUYx2","profile":"","uname":"darishasan","VendorId":"o5xe3oLlHFxYiY8IOmLa","rating":5,"photos":["https://firebasestorage.googleapis.com/v0/b/emart-8d99f.appspot.com/o/emart%2FproductImages%2F7243aa85-c05c-4fd7-aeb1-cd6bae5c7d1c.png?alt=media&token=3ae8fa6b-de56-405d-bcef-8448ccaac68e"],"Id":"xNqIemSfiIhMdx6CQCIq","comment":"best","orderid":"mf3bg0JmzbIf79EX2E6D"},"xSv5pBZVk3oHhli6uzMg":{"photos":["https://firebasestorage.googleapis.com/v0/b/emart-8d99f.appspot.com/o/emart%2FproductImages%2Fd171913b-40a1-4b4a-893f-06167cd072a2.png?alt=media&token=f10a803e-a7f9-430c-91e1-ebea431e2e74"],"VendorId":"VBpyVGumt9WMsAHQt6hg","uname":"","CustomerId":"R43JUfzzU8Z7sjJ9iPAZ3HDgZhS2","comment":"gh","Id":"xSv5pBZVk3oHhli6uzMg","orderid":"M4B2YRPzVxcwIaEaMPeO","profile":"","rating":5},"y04ne3H3SXkXduAqftYP":{"profile":"https://firebasestorage.googleapis.com/v0/b/emart-8d99f.appspot.com/o/emart%2FUser%2Fimages%2FZqquRzGD5wd3bbxFThkQZIzbOcA3.png?alt=media&token=9a8af45e-98b1-420a-ba3e-4f84da3b33d7","comment":"handbag very good","VendorId":"Eb3Qp7ljEE6qml4BVitZ","orderid":"3nSYTOcIdvabL5RPTGsz","CustomerId":"ZqquRzGD5wd3bbxFThkQZIzbOcA3","photos":[],"productId":"aCmXcDjihHzWINvOYnEx","reviewAttributes":{"63889f3a7e122":5,"63889f257ba40":5,"63493c00b14d6":4},"Id":"y04ne3H3SXkXduAqftYP","uname":"Ali user","rating":5,"createdAt":{"_seconds":1671102084,"_nanoseconds":609760000},"driverId":""},"y0GShFlpYlCM15M85RPd":{"comment":"test","driverId":"CMfrAcbLJ7NBIaJBTnH1JRrSuIT2","rating":3,"reviewAttributes":{},"profile":"","CustomerId":"ZqquRzGD5wd3bbxFThkQZIzbOcA3","orderid":"639ffd6a50515","createdAt":{"_seconds":1671448324,"_nanoseconds":12000000},"Id":"y0GShFlpYlCM15M85RPd"},"ydKY52gGD8Bq5tkVfynk":{"rating":3,"reviewAttributes":null,"profile":"https://firebasestorage.googleapis.com/v0/b/emart-8d99f.appspot.com/o/emart%2FUser%2Fimages%2FsISQSJnzw0hYCz9l1hhm8HtdyHC2.png?alt=media&token=98a31add-a7c9-4451-bd8d-2dab9e290094","Id":"ydKY52gGD8Bq5tkVfynk","driverId":"VX30PQqv8ThVugpSrqjL5f1FNz33","uname":"scottwarner","comment":"Nice","photos":[],"VendorId":"","orderid":"4IyvqGmRmJFuSuyvx8dc","productId":"","CustomerId":"sISQSJnzw0hYCz9l1hhm8HtdyHC2"},"yl79sxzjg9cYkhq68w7p":{"driverId":"CMfrAcbLJ7NBIaJBTnH1JRrSuIT2","createdAt":{"_seconds":1670994229,"_nanoseconds":813077000},"profile":"https://firebasestorage.googleapis.com/v0/b/emart-8d99f.appspot.com/o/emart%2FUser%2Fimages%2FZqquRzGD5wd3bbxFThkQZIzbOcA3.png?alt=media&token=9a8af45e-98b1-420a-ba3e-4f84da3b33d7","CustomerId":"ZqquRzGD5wd3bbxFThkQZIzbOcA3","productId":"","comment":"car space is nice and clean","uname":"Ali user","orderid":"AEaKTsuFoAFSNEIOdPue","photos":[],"VendorId":"","rating":2.5,"Id":"yl79sxzjg9cYkhq68w7p","reviewAttributes":{}},"z5ZVDVehvjTHd2Bk6R2F":{"CustomerId":"ZqquRzGD5wd3bbxFThkQZIzbOcA3","profile":"","photos":["https://firebasestorage.googleapis.com/v0/b/emart-8d99f.appspot.com/o/emart%2FproductImages%2F7844ce9d-c417-43cd-8090-1d6abd048b8a.png?alt=media&token=b4eab2c6-b2fb-4042-953b-8310ca84f100","https://firebasestorage.googleapis.com/v0/b/emart-8d99f.appspot.com/o/emart%2FproductImages%2Fa4c0b499-5462-449c-b294-335fd51a5609.png?alt=media&token=3ccc7dcc-1973-4d34-ba73-81ec5d163107"],"productId":"r7lu5AKVJo5qp1xKEzmS","comment":"I loved the shirt print and color, fabric is also good. ","createdAt":{"_seconds":1669880133,"_nanoseconds":104367000},"Id":"z5ZVDVehvjTHd2Bk6R2F","reviewAttributes":{},"rating":4.5,"orderid":"dHK0KGG31SbQBSUmBEsp2wKWHVW2","VendorId":"Eb3Qp7ljEE6qml4BVitZ","uname":"Ali user","driverId":"dHK0KGG31SbQBSUmBEsp2wKWHVW2"},"zSNdv5lohzbUcdZnQEcc":{"createdAt":{"_seconds":1671102059,"_nanoseconds":757420000},"photos":[],"rating":4,"VendorId":"Eb3Qp7ljEE6qml4BVitZ","orderid":"8exU6cfoP24pKnW64P5O","driverId":"","Id":"zSNdv5lohzbUcdZnQEcc","reviewAttributes":{"63493c00b14d6":3,"63889f3a7e122":4,"63889f257ba40":3.5},"profile":"https://firebasestorage.googleapis.com/v0/b/emart-8d99f.appspot.com/o/emart%2FUser%2Fimages%2FZqquRzGD5wd3bbxFThkQZIzbOcA3.png?alt=media&token=9a8af45e-98b1-420a-ba3e-4f84da3b33d7","CustomerId":"ZqquRzGD5wd3bbxFThkQZIzbOcA3","comment":"handbag is nice","uname":"Ali user","productId":"aCmXcDjihHzWINvOYnEx"},"zUByWB8W3oqXdXF0ZMcM":{"comment":"2 rating","CustomerId":"ZqquRzGD5wd3bbxFThkQZIzbOcA3","reviewAttributes":{},"Id":"zUByWB8W3oqXdXF0ZMcM","uname":"Ali ","orderid":"63a166edea4cc","createdAt":{"_seconds":1671768506,"_nanoseconds":6000000},"driverId":"6LF1T9CwH6YFskTpntmED8Z8stX2","profile":"","rating":2},"zzncUdbHgLw9kVLvdetl":{"Id":"zzncUdbHgLw9kVLvdetl","profile":"","reviewAttributes":{},"createdAt":{"_seconds":1672158557,"_nanoseconds":704000000},"orderid":"63a97abf9c7f2","productId":"63a93e782e750","CustomerId":"kCkvhHfnerdhcidN1gBMBfH2KAO2","photos":[],"VendorId":"XAWsfpI1Eruu0dogkekJ","rating":5,"comment":"Nice","uname":"michael vaghela"}}}