{"parcel_coupons":{"632be59ae7268":{"code":"FLAT10","expiresAt":{"_seconds":1677004199,"_nanoseconds":999000000},"description":"FLAT 10% discount gift offer","parcelCategoryId":"63243e26c07f9","id":"632be59ae7268","isEnabled":true,"discount":"10","image":"https://firebasestorage.googleapis.com/v0/b/emart-8d99f.appspot.com/o/images%2Fshutterstock_139007459.jpg?alt=media&token=7749b8e5-c04c-43e1-8147-b27dd42be58e","discountType":"Percentage"},"632bf07308622":{"image":"https://firebasestorage.googleapis.com/v0/b/emart-8d99f.appspot.com/o/images%2Fshutterstock_139007459.jpg?alt=media&token=74c77b67-999a-488f-9fb1-c7529908d386","description":"FLAT 20 Off gift offer","discountType":"Fix Price","isEnabled":true,"discount":"20","code":"FLAT20","parcelCategoryId":"63243e26c07f9","expiresAt":{"_seconds":1672511399,"_nanoseconds":999000000},"id":"632bf07308622"},"6375ea2171b61":{"image":"","id":"6375ea2171b61","discount":"5","description":"ducoment offer","parcelCategoryId":"63244887f0492","code":"5OFF","expiresAt":{"_seconds":1677608999,"_nanoseconds":999000000},"discountType":"Percentage","isEnabled":true},"6375ea7429d3f":{"parcelCategoryId":"632449de002b4","discountType":"Fix Price","expiresAt":{"_seconds":1672165799,"_nanoseconds":999000000},"id":"6375ea7429d3f","description":"packiing offer 5 fix","discount":"5","isEnabled":false,"code":"5FLAT","image":""},"6376076b4baef":{"description":"","parcelCategoryId":"","discount":"15","code":"15Off","expiresAt":{"_seconds":1672511399,"_nanoseconds":999000000},"image":"","isEnabled":true,"id":"6376076b4baef","discountType":"Fix Price"},"6399c1b798061":{"discount":"20","image":"","expiresAt":{"_seconds":1675189799,"_nanoseconds":999000000},"id":"6399c1b798061","isEnabled":true,"description":"","discountType":"Percentage","code":"Parcel20"}}}