{"parcel_categories":{"63243e26c07f9":{"publish":true,"title":"Gifts","set_order":2,"id":"63243e26c07f9","image":""},"63244887f0492":{"title":"Documents","image":"","publish":true,"set_order":1,"id":"63244887f0492"},"6324499d204d5":{"title":"Electronics","set_order":3,"image":"https://firebasestorage.googleapis.com/v0/b/emart-8d99f.appspot.com/o/images%2Felectronics.png?alt=media&token=efd12b99-afd6-4cf5-a79b-ce3f0397b81c","publish":true,"id":"6324499d204d5"},"632449de002b4":{"set_order":4,"image":"https://firebasestorage.googleapis.com/v0/b/emart-8d99f.appspot.com/o/images%2Fparcel%20(1).png?alt=media&token=343a1911-e631-43b4-b2fb-26d7d6818f9d","title":"Packing","publish":true,"id":"632449de002b4"},"63244a0f3dd13":{"image":"","id":"63244a0f3dd13","set_order":6,"title":"Medicine","publish":true},"63244a2a94afa":{"id":"63244a2a94afa","image":"","set_order":5,"publish":true,"title":"Others"},"636ce7155583c":{"publish":true,"title":"Furniture","image":"https://firebasestorage.googleapis.com/v0/b/emart-8d99f.appspot.com/o/images%2Fliving_room-512.webp?alt=media&token=ab2b7160-cd26-45ac-8a4a-bf436ae2e789","set_order":7,"id":"636ce7155583c"},"6375d2b6288d6":{"publish":true,"image":"","set_order":8,"title":"Jwellery","id":"6375d2b6288d6"}}}