{"parcel_weight":{"9oKMaNsw4GasX9MIARTE":{"id":"9oKMaNsw4GasX9MIARTE","delivery_charge":"100","title":"up to 3 kg"},"KJATBcXGm3uz7Q9OLfVJ":{"delivery_charge":"50","title":"up to 1 kg","id":"KJATBcXGm3uz7Q9OLfVJ"},"LM8NFmWhZBbZQvF8lk4Q":{"delivery_charge":"70","id":"LM8NFmWhZBbZQvF8lk4Q","title":"up to 2 kg"},"fo3m9zidxXKatDSTv4nS":{"id":"fo3m9zidxXKatDSTv4nS","delivery_charge":"20","title":"up to 500 gm"},"sEGOS4MV7yeyjYQqIXBM":{"title":"up to 4 kg","id":"sEGOS4MV7yeyjYQqIXBM","delivery_charge":"200"},"xVsgUI9qKWpjOm01k3X5":{"delivery_charge":"350","title":"up to 5 kg","id":"xVsgUI9qKWpjOm01k3X5"}}}