{"payouts":{"0gOzS5lLwfvrjME2WbGl":{"vendorID":"MAA694QWVu04PVzsOpRH","note":"deduct 5","paymentStatus":"Success","adminNote":"","amount":5,"paidDate":{"_seconds":1658996542,"_nanoseconds":388682000},"id":"0gOzS5lLwfvrjME2WbGl"},"0qavkEztt9UHDuYhtLoo":{"paidDate":{"_seconds":1672237067,"_nanoseconds":765798000},"vendorID":"R9vXfmN6El1xfGPjR7uY","note":"vendor deduct request","adminNote":"","amount":50,"paymentStatus":"Success","id":"0qavkEztt9UHDuYhtLoo"},"3hwDQUV6njRkA3w4rSxH":{"vendorID":"Zr2YadPZ9mUuwUDj4Yxr","paymentStatus":"Success","paidDate":{"_seconds":1658841121,"_nanoseconds":992532000},"note":"TEST NOTE","adminNote":"test admin","amount":10,"id":"3hwDQUV6njRkA3w4rSxH"},"4QSplhguuCqsIZHXXp2H":{"paidDate":{"_seconds":1658996713,"_nanoseconds":215077000},"amount":20,"note":"test note","adminNote":"","paymentStatus":"Reject","vendorID":"MAA694QWVu04PVzsOpRH","id":"4QSplhguuCqsIZHXXp2H"},"62751c5ce33f6":{"amount":10,"id":"62751c5ce33f6","paidDate":{"_seconds":1658914032,"_nanoseconds":211000000},"status":"success","note":"Test","vendorID":"7mYdd13sHvuvYy31SsFd"},"62751cc251269":{"paidDate":{"_seconds":1658913936,"_nanoseconds":238000000},"id":"62751cc251269","vendorID":"7mYdd13sHvuvYy31SsFd","amount":23,"note":""},"627522c9455e2":{"paidDate":{"_seconds":1659086757,"_nanoseconds":244000000},"vendorID":"7mYdd13sHvuvYy31SsFd","id":"627522c9455e2","amount":10,"note":"10"},"627523130e18b":{"vendorID":"7mYdd13sHvuvYy31SsFd","paidDate":{"_seconds":1658319805,"_nanoseconds":219000000},"id":"627523130e18b","amount":10,"note":""},"62d55fe9a35f4":{"vendorID":"tAGGjKSyEdurakb0h7KU","amount":10,"note":"test store payout","paidDate":{"_seconds":1658150906,"_nanoseconds":109000000},"id":"62d55fe9a35f4"},"62d6415d2b0c8":{"vendorID":"tAGGjKSyEdurakb0h7KU","note":"test store payout from store","paidDate":{"_seconds":1658208634,"_nanoseconds":105000000},"id":"62d6415d2b0c8","amount":2},"62e2a6e8e99aa":{"amount":5,"note":"Test","vendorID":"MAA694QWVu04PVzsOpRH","paymentStatus":"Success","id":"62e2a6e8e99aa","paidDate":{"_seconds":1659021043,"_nanoseconds":910000000}},"62e3b271e0d39":{"amount":10,"paymentStatus":"Success","adminNote":"10 deduct admin ","id":"62e3b271e0d39","paidDate":{"_seconds":1659089549,"_nanoseconds":240000000},"vendorID":"MAA694QWVu04PVzsOpRH"},"62e3d81f8c370":{"note":"deduct from store panel","amount":25,"id":"62e3d81f8c370","paymentStatus":"Success","vendorID":"MAA694QWVu04PVzsOpRH","paidDate":{"_seconds":1659099189,"_nanoseconds":617000000}},"62e3d88c91883":{"note":"deduct from store panel","id":"62e3d88c91883","paymentStatus":"Success","vendorID":"MAA694QWVu04PVzsOpRH","paidDate":{"_seconds":1659099288,"_nanoseconds":364000000},"amount":7},"62ea6419e3e81":{"paymentStatus":"Success","vendorID":"zhaCB4t2kPurGjkaEDpK","id":"62ea6419e3e81","amount":1.93,"adminNote":"ok","paidDate":{"_seconds":1659528261,"_nanoseconds":541000000}},"63762ce9e8b57":{"id":"63762ce9e8b57","vendorID":"GwOyOwE8Pq5oAsFSFrr1","note":"test","amount":2,"paidDate":{"_seconds":1668689136,"_nanoseconds":957000000},"paymentStatus":"Success"},"63a971f306b93":{"amount":100,"adminNote":"100 payout","id":"63a971f306b93","paymentStatus":"Success","paidDate":{"_seconds":1672049164,"_nanoseconds":334000000},"vendorID":"R9vXfmN6El1xfGPjR7uY"},"63ac51740ab8c":{"id":"63ac51740ab8c","adminNote":"by admin","amount":10,"paymentStatus":"Success","vendorID":"8akcNIacIF7Nt4zLARpl","paidDate":{"_seconds":1672237487,"_nanoseconds":747000000}},"D9WudQrkw1qo2OzsT60j":{"note":"5 deduct","amount":5,"id":"D9WudQrkw1qo2OzsT60j","paymentStatus":"Reject","adminNote":"","paidDate":{"_seconds":1659359300,"_nanoseconds":65359000},"vendorID":"MAA694QWVu04PVzsOpRH"},"Z98OppoJOle8ZKJtLjSn":{"id":"Z98OppoJOle8ZKJtLjSn","paidDate":{"_seconds":1659089641,"_nanoseconds":959847000},"note":"deduct request from app","adminNote":"","amount":10.5,"paymentStatus":"Success","vendorID":"MAA694QWVu04PVzsOpRH"},"hvBvK1J9DV8tR4TarAf6":{"paidDate":{"_seconds":1659597029,"_nanoseconds":785320000},"amount":50,"adminNote":"","paymentStatus":"Success","note":"","id":"hvBvK1J9DV8tR4TarAf6","vendorID":"MAA694QWVu04PVzsOpRH"},"miMafsGh9y72pRN6ueHR":{"vendorID":"8akcNIacIF7Nt4zLARpl","paidDate":{"_seconds":1672237285,"_nanoseconds":108442000},"adminNote":"","note":"vender econmerce deduct request","id":"miMafsGh9y72pRN6ueHR","amount":10,"paymentStatus":"Reject"},"uVPaJJZHFDBTDVo6VCgD":{"amount":50,"id":"uVPaJJZHFDBTDVo6VCgD","vendorID":"IpAqPXh7rRKLTGGZplLy","adminNote":"","paymentStatus":"Success","note":"","paidDate":{"_seconds":1668163534,"_nanoseconds":493742000}},"yTdcyRHwIWc7tBJLpNfh":{"id":"yTdcyRHwIWc7tBJLpNfh","vendorID":"MAA694QWVu04PVzsOpRH","paymentStatus":"Success","amount":5.5,"paidDate":{"_seconds":1659089591,"_nanoseconds":238269000},"adminNote":"","note":"deduct request"}}}