{"promos":{"631b1173b19db":{"isEnabled":true,"expiresAt":{"_seconds":1669832999,"_nanoseconds":999000000},"image":"https://firebasestorage.googleapis.com/v0/b/emart-8d99f.appspot.com/o/images%2Fshutterstock_139007459.jpg?alt=media&token=9eb9181e-10f8-4dd6-b761-b6f06a73a644","discount":"200","description":"diwali Offer","discountType":"Fix Price","code":"Diwali2022","id":"631b1173b19db"},"631b13aac5ef4":{"description":"10 % OFF","discount":"10","image":"https://firebasestorage.googleapis.com/v0/b/emart-8d99f.appspot.com/o/images%2Fshutterstock_139007459.jpg?alt=media&token=7ddc6a7e-1593-4c07-8c37-b0228365ae25","expiresAt":{"_seconds":1672511399,"_nanoseconds":999000000},"code":"10FF","discountType":"Percentage","isEnabled":true,"id":"631b13aac5ef4"},"637b4af252be2":{"code":"RIDEGO","discountType":"Percentage","isEnabled":true,"description":"","id":"637b4af252be2","discount":"7","image":"","expiresAt":{"_seconds":1672511399,"_nanoseconds":999000000}},"637b4b30b4185":{"image":"","discount":"15","code":"RIDE15","expiresAt":{"_seconds":1672511399,"_nanoseconds":999000000},"isEnabled":true,"discountType":"Percentage","id":"637b4b30b4185","description":""},"637c6baabbb2a":{"image":"","id":"637c6baabbb2a","expiresAt":{"_seconds":1672943399,"_nanoseconds":999000000},"discountType":"Percentage","isEnabled":true,"discount":"20","code":"CAB20","description":""}}}