{"rating":{"2MAXRo33semvzUMZOJWN":{"photos":["https://firebasestorage.googleapis.com:443/v0/b/foodies-3c1d9.appspot.com/o/flutter%2FuberEats%2FproductImages%2Fbbda2f22-6a43-4f83-a881-868385f556d5.png?alt=media&token=f683148c-f14c-44c9-95a2-0811c0a0e1b3"],"Id":"2MAXRo33semvzUMZOJWN","comment":"Good","orderid":"NjlO0kSsMlIe6IzGsjcp","rating":null},"MAQPYQpKNH6Gv5YsaWwJ":{"Id":"MAQPYQpKNH6Gv5YsaWwJ","rating":null,"comment":"Good","orderid":"NjlO0kSsMlIe6IzGsjcp","photos":["https://firebasestorage.googleapis.com:443/v0/b/foodies-3c1d9.appspot.com/o/flutter%2FuberEats%2FproductImages%2F614670ac-4562-4bdc-936e-1196a0371918.png?alt=media&token=90853ce7-55a7-46b1-b156-ceb5c3c7f109"]},"rh72XZNNZbVeVjh2zX8n":{"Id":"rh72XZNNZbVeVjh2zX8n","comment":"Good Food","orderid":"NjlO0kSsMlIe6IzGsjcp","photos":["https://firebasestorage.googleapis.com:443/v0/b/foodies-3c1d9.appspot.com/o/flutter%2FuberEats%2FproductImages%2Fa9c9ba99-a46d-477e-91b1-db4de54aba18.png?alt=media&token=aa7e4d76-d6be-4418-b0ba-0c2b1bfe949c"],"rating":null}}}