{"rental_vehicle_type":{"633adb4f220bb":{"capacity":"4","name":"mini","id":"633adb4f220bb","description":"3+1 seater","supported_vehicle":"Audi BMW","isActive":true,"rental_vehicle_icon":"https://firebasestorage.googleapis.com/v0/b/emart-8d99f.appspot.com/o/images%2Fpexels-photo-170811.jpeg?alt=media&token=215cd557-f47b-4791-b226-be0ae6fbeccf","short_description":"3+1 seater"},"6349125dc3bf8":{"name":"SUV","capacity":"3","description":"2+1 seater","id":"6349125dc3bf8","isActive":true,"short_description":"2+1 seater","supported_vehicle":"Mercedes AMG","rental_vehicle_icon":"https://firebasestorage.googleapis.com/v0/b/emart-8d99f.appspot.com/o/images%2Fpexels-photo-909907.jpeg?alt=media&token=f118f03d-2d59-45d2-8e65-ae2b789bc8bb"},"tYSRkO9BPiVekhyCmvQk":{"isActive":true,"rental_vehicle_icon":"https://firebasestorage.googleapis.com/v0/b/emart-8d99f.appspot.com/o/images%2Fpexels-photo-112460.jpeg?alt=media&token=bd4e738c-479c-4f19-8209-ecd70173b6a7","id":"tYSRkO9BPiVekhyCmvQk","supported_vehicle":"Audi BMW","name":"Sedan","short_description":"4 + 1 seater","description":"4 + 1 seater","capacity":"4"}}}