{"rental_coupons":{"63510a12c3e35":{"id":"63510a12c3e35","description":"Testing..","image":"https://firebasestorage.googleapis.com/v0/b/emart-8d99f.appspot.com/o/images%2F3.jpg?alt=media&token=d9e1f0ae-ee96-4adf-a2c6-bca223bc92ce","expiresAt":{"_seconds":1672597799,"_nanoseconds":999000000},"isEnabled":true,"discountType":"Percentage","code":"Rent11","discount":"11"},"635d1850678d9":{"id":"635d1850678d9","code":"rentcar","isEnabled":true,"discount":"5","discountType":"Fix Price","expiresAt":{"_seconds":1672684199,"_nanoseconds":999000000},"image":"","description":"rent car"},"6385a99e1d9c4":{"discount":"20","code":"Offer20","discountType":"Fix Price","description":"","id":"6385a99e1d9c4","isEnabled":true,"image":"","expiresAt":{"_seconds":1672511399,"_nanoseconds":999000000}},"6385a9c2bff50":{"expiresAt":{"_seconds":1677176999,"_nanoseconds":999000000},"isEnabled":false,"code":"RENT15","description":"","id":"6385a9c2bff50","image":"","discountType":"Percentage","discount":"15"},"ddvbPxjxZBIcbQRVLtVj":{"isEnabled":true,"expiresAt":{"_seconds":1666250668,"_nanoseconds":271000000},"discount":"30","id":"255","discountType":"Percentage","code":"Tu789","image":"3.jpg","description":"trsting"}}}