{"review_attributes":{"63493b46bb349":{"title":"Battery life","id":"63493b46bb349"},"63493c00b14d6":{"id":"63493c00b14d6","title":"Value for money"},"63493c152e305":{"title":"Brightness","id":"63493c152e305"},"63493c834304c":{"id":"63493c834304c","title":"Fingerprint reader"},"63493c98ec7f6":{"id":"63493c98ec7f6","title":"Camera quality"},"63493cb4250c6":{"title":"Display quality","id":"63493cb4250c6"},"63889f257ba40":{"title":"Comfort","id":"63889f257ba40"},"63889f3a7e122":{"title":"Quality of material","id":"63889f3a7e122"},"63a3e8de933f7":{"id":"63a3e8de933f7","title":"Taste"}}}