{"sections":{"6285dcf511651":{"name":"Cosmetic","commissionType":"","commissionAmount":"","serviceType":"Multivendor Delivery Service","deliveryCharge":{"delivery_charges_per_km":"","minimum_delivery_charges_within_km":"","minimum_delivery_charges":""},"tax_active":true,"delivery_charge":"","tax_amount":"8","id":"6285dcf511651","serviceTypeFlag":"delivery-service","dine_in_active":false,"isActive":true,"sectionImage":"https://firebasestorage.googleapis.com/v0/b/emart-8d99f.appspot.com/o/images%2Fcosmetic_%403x.png?alt=media&token=5e89a261-dfc5-4cf5-a12f-ca4068a364da","cab_service_template":"","isEnableCommission":false,"tax_lable":"GST","color":"#9fcf27","tax_type":"percent"},"6285dd3281531":{"sectionImage":"https://firebasestorage.googleapis.com/v0/b/emart-8d99f.appspot.com/o/images%2Ffashion_%403x.png?alt=media&token=17ec2e38-f923-4dfd-b6fc-618374ec365d","tax_amount":"7","cab_service_template":"","name":"Fashion","isActive":true,"id":"6285dd3281531","serviceTypeFlag":"ecommerce-service","dine_in_active":false,"tax_lable":"GST","delivery_charge":"10","color":"#4deaff","tax_active":true,"isEnableCommission":false,"serviceType":"Ecommerce Service","tax_type":"percent","commissionType":"","commissionAmount":""},"6285dd7b50f32":{"commissionAmount":"","dine_in_active":false,"serviceTypeFlag":"delivery-service","isEnableCommission":false,"isActive":true,"name":"Flowers","sectionImage":"https://firebasestorage.googleapis.com/v0/b/emart-8d99f.appspot.com/o/images%2Fflower_%403x.png?alt=media&token=a4b328d5-7a0a-4dda-8918-ca2ba1fa7262","tax_type":"","delivery_charge":"","tax_amount":"","tax_active":false,"commissionType":"","color":"#7664d4","tax_lable":"","id":"6285dd7b50f32","serviceType":"Multivendor Delivery Service"},"6285ddbfd9598":{"commissionAmount":"","cab_service_template":"","tax_active":true,"tax_amount":"10","serviceTypeFlag":"delivery-service","id":"6285ddbfd9598","commissionType":"","tax_lable":"GST","name":"Restaurants","isEnableCommission":false,"dine_in_active":true,"color":"#cc3838","sectionImage":"https://firebasestorage.googleapis.com/v0/b/emart-8d99f.appspot.com/o/images%2Ffood_delivery_%403x.png?alt=media&token=3f993736-663f-4d92-b6b1-008460d160e1","delivery_charge":"","serviceType":"Multivendor Delivery Service","tax_type":"percent","isActive":true,"deliveryCharge":{"delivery_charges_per_km":"","minimum_delivery_charges":"","minimum_delivery_charges_within_km":""}},"631852d1bc978":{"isActive":true,"tax_lable":"GST","dine_in_active":false,"commissionAmount":20,"tax_amount":"15","deliveryCharge":{"minimum_delivery_charges":"","minimum_delivery_charges_within_km":"","delivery_charges_per_km":""},"commissionType":"Fixed","delivery_charge":"","cab_service_template":"<div class=\"car-landing-page\">          <div class=\"car-landing-banner\">             <img src=\"https://emartweb.siswebapp.com/img/car-banner.png\">             <div class=\"car-banner-content\">                 <h1 class=\"mb-4\">The Best way to get<br> Wherever you’re going</h1>                 <p class=\"text-light\">We will bring you quickly and comfortably to anywhere in your city</p>             </div>         </div>           <section class=\"car-lan-about\">             <div class=\"container\">                 <div class=\"row\">                     <div class=\"col-lg-6\">                         <div class=\"content-block\">                             <div class=\"block-title\">                                 <div class=\"dot-line\"></div>                                 <p>Few words about our cab service</p>                                 <h2>Learn about our<br>taxi company</h2>                             </div>                             <p>Cab service has provided car services in Oakland area since 2007. What started as a small company has grown into a premier limousine and private transportation company. We have experienced staff and professionally trained chauffeurs, also we are providing you the right vehicle at the right price to fit your budget.</p>                             <a href=\"\" class=\"about-btn\">Discover More</a>                         </div>                     </div>                     <div class=\"col-lg-6\">                         <div class=\"hvr-float-shadow\">                             <div class=\"image-block\">                                 <img src=\"https://emartweb.siswebapp.com/img/car-about.jpg\" alt=\"Image\">                                 <div class=\"bubble-block\">                                     <div class=\"inner-block\">                                         <p>Trusted by</p>                                         <span class=\"counter\">4880</span>                                     </div>                                 </div>                             </div>                         </div>                     </div>                 </div>             </div>         </section>           <section class=\"car-whychoose-sec\">              <div class=\"container\">                 <div class=\"block-title text-center mb-5\">                     <div class=\"dot-line\"></div>                     <p>Conexi benefit list</p>                     <h2 class=\"text-light\">Why choose us</h2>                 </div>                 <div class=\"row\">                       <div class=\"col-lg-4\">                         <div class=\"single-feature-one text-center\">                             <div class=\"icon-block mb-4\">                                 <img src=\"https://emartweb.siswebapp.com/img/ic1.png\">                             </div>                             <h3>Safety Guarantee</h3>                             <p>As a defensive driver, we can avoid crashes and help lower your risk behind the wheel.</p>                          </div>                     </div>                       <div class=\"col-lg-4\">                         <div class=\"single-feature-one text-center\">                             <div class=\"icon-block mb-4\">                                 <img src=\"https://emartweb.siswebapp.com/img/ic2.png\">                             </div>                             <h3>DBS Cleared Drivers</h3>                             <p>We only hire DBS clear drivers, customer safety is our priority</p>                          </div>                     </div>                       <div class=\"col-lg-4\">                         <div class=\"single-feature-one text-center\">                             <div class=\"icon-block mb-4\">                                 <img src=\"https://emartweb.siswebapp.com/img/ic3.png\">                             </div>                             <h3>Free Quotation</h3>                             <p>We can offer you the right vehicle at the right price to fit your budget get free quotation now</p>                          </div>                     </div>                   </div>             </div>         </section>          <section class=\"car-our-adenture bg-white\">              <div class=\"container\">                  <div class=\"block-title text-center mb-5\">                      <h5>WHE CLIENTS CHOOSE US</h5>                     <h2 class=\"pb-2 mb-2\">Our advantages</h2>                     <p>We created our taxi to help you to find the most dependable and highest quality taxi services, anytime and anywhere. All our drivers are uniformed and fully licensed.</p>                 </div>                 <div class=\"row\">                     <div class=\"col-md-3 our-adenture-col\">                         <div class=\"our-adenture-list\">                             <ul class=\"block-icon\">                                 <li>                                     <span class=\"icon-image\"><img src=\"https://emartweb.siswebapp.com/img/taxi.png\" class=\"icon-image\"></span>                                     <div class=\"block-right\"><h5>Luxury cars</h5>                                         <div class=\"descr\">We provide high-quality luxury car rentals for competitive prices across World.</div>                                     </div>                                 </li>                                 <li>                                     <span class=\"icon-image\"><img src=\"https://emartweb.siswebapp.com/img/carlocation-icon.png\" class=\"icon-image\"></span>                                     <div class=\"block-right\">                                         <h5> Lots of locations </h5>                                         <div class=\"descr\">We provide our transportation services nationwide</div>                                     </div>                                 </li>                             </ul>                         </div>                     </div>                     <div class=\"col-md-6 our-adenture-col-center\">                         <div class=\"our-adenture-img mb-4\">                             <img src=\"https://emartweb.siswebapp.com/img/texi-car.jpg\">                         </div>                     </div>                     <div class=\"col-md-3 our-adenture-col\">                         <div class=\"our-adenture-list adenture-list-rg\">                             <ul class=\"block-icon\">                                 <li>                                     <span class=\"icon-image\"><img src=\"https://emartweb.siswebapp.com/img/navigation.png\" class=\"icon-image\"></span>                                     <div class=\"block-right\">                                         <h5>Amazing app</h5>                                         <div class=\"descr\">Download our amazing app for book a quick ride &amp; better experience\n</div>                                     </div>                                 </li>                                 <li>                                      <span class=\"icon-image bg-transparent\"><img src=\"https://emartweb.siswebapp.com/img/suitcase-bag.png\" class=\"icon-image\"></span>                                     <div class=\"block-right\">                                         <h5>Additional services </h5>                                         <div class=\"descr\">We offer vehicles including sedans, limousines and coach buses\n</div>                                     </div>                                 </li>                             </ul>                         </div>                     </div>                 </div>             </div>         </section>           <section class=\"car-download-sec position-relative\">             <div class=\"container\">                 <div class=\"row\">                     <div class=\"col-lg-7 text-lg-start\">                         <div class=\"block-title mb-4\">                             <p class=\"sub-title\">Download eMart App Now</p>                             <h2 class=\"sec-title text-white fw-semibold\">Get Free eMart App<br>On Online Store</h2>                         </div>                         <p class=\"text-light mb-4\">With our app we are sure to have a ride to fit your needs. We get you where you want to go, when you want to go and in the type of vehicle best suited to you.</p>                         <div class=\"download-btn-wrap\">                             <a target=\"_blank\" href=\"https://play.google.com/\" class=\"download-btn\">                                 <img src=\"https://emartweb.siswebapp.com/img/cab_google_play.png\">                             </a>                             <a target=\"_blank\" href=\"https://www.apple.com/store\" class=\"download-btn\">                                 <img src=\"https://emartweb.siswebapp.com/img/cab_app_store.png\">                              </a>                         </div>                     </div>                     <div class=\"col-lg-5\">                         <div class=\"app-mockup\">                             <img src=\"https://emartweb.siswebapp.com/img/down-mobile_img.png\" alt=\"app mockup\">                         </div>                     </div>                 </div>             </div>         </section>       </div>","sectionImage":"https://firebasestorage.googleapis.com/v0/b/emart-8d99f.appspot.com/o/images%2Fistockphoto-1161667429-170667a_1670591776272.jpg?alt=media&token=883c503d-9403-4d4e-9438-a2660f39f166","serviceType":"Cab Service","name":"Cab Service","serviceTypeFlag":"cab-service","color":"#b84dff","isEnableCommission":true,"tax_type":"fix","tax_active":true,"id":"631852d1bc978"},"6319dc53314ee":{"serviceType":"Multivendor Delivery Service","tax_lable":"IGST","tax_amount":"12","dine_in_active":false,"name":"Food Grocery","tax_type":"percent","commissionType":"","tax_active":true,"isActive":true,"serviceTypeFlag":"delivery-service","id":"6319dc53314ee","commissionAmount":"","sectionImage":"https://firebasestorage.googleapis.com/v0/b/emart-8d99f.appspot.com/o/images%2Fpexels-anthony-leong-2092906.jpg?alt=media&token=9955d5ea-a4d3-46a8-828e-ad6b46d42d0f","isEnableCommission":false,"color":"#52da8d","delivery_charge":""},"632309c9d549e":{"commissionType":"Fixed","id":"632309c9d549e","deliveryCharge":{"delivery_charges_per_km":"","minimum_delivery_charges_within_km":"","minimum_delivery_charges":""},"sectionImage":"https://firebasestorage.googleapis.com/v0/b/emart-8d99f.appspot.com/o/images%2Fparcel.png?alt=media&token=62e5ffbe-85b4-4f8c-b0f5-99e22750e273","isEnableCommission":true,"color":"#f3b712","cab_service_template":"","serviceType":"Parcel Delivery Service","delivery_charge":"","name":"Parcel Service","commissionAmount":10,"serviceTypeFlag":"parcel_delivery","tax_active":true,"tax_amount":"11","isActive":true,"tax_type":"percent","tax_lable":"GST","dine_in_active":false},"63368fb2beabb":{"color":"#076f92","isActive":true,"sectionImage":"https://firebasestorage.googleapis.com/v0/b/emart-8d99f.appspot.com/o/images%2Frental_service_1669261833561.png?alt=media&token=dd0f7abe-2f05-4098-a198-8e8263c9f0e3","name":"Rental Service","tax_active":true,"serviceTypeFlag":"rental-service","tax_amount":"15","id":"63368fb2beabb","dine_in_active":false,"tax_lable":"GST","isEnableCommission":true,"tax_type":"percent","cab_service_template":"","commissionAmount":10,"serviceType":"Rental Service","delivery_charge":"","commissionType":"Percent"}}}