{"services":{"FDOAplq4EHOQ3U5SLsRr":{"id":"FDOAplq4EHOQ3U5SLsRr","name":"Rental Service","flag":"rental-service"},"TGTP44PgU5G6BU2uP7iY":{"flag":"delivery-service","name":"Multivendor Delivery Service","id":"TGTP44PgU5G6BU2uP7iY"},"ny3sssVJ7FCrPgxvsZNO":{"name":"Ecommerce Service","id":"ny3sssVJ7FCrPgxvsZNO","flag":"ecommerce-service"},"sDsB9pMGXLBMnbQiTMKF":{"name":"Parcel Delivery Service","flag":"parcel_delivery","id":"sDsB9pMGXLBMnbQiTMKF"},"zxzjypGIugTmlb0ZeOT0":{"flag":"cab-service","id":"zxzjypGIugTmlb0ZeOT0","name":"Cab Service"}}}