{"SOS":{"L6FCf99NhlyMDJlhLHNB":{"latLong":{"longitude":72.7008621,"latitude":23.2404529},"orderId":"8dXPOvXhulKo3b2zZd0r","status":"Completed","id":"L6FCf99NhlyMDJlhLHNB"},"OFkxVWXSMkA1y2tA44Am":{"status":"Initiated","orderId":"U9PMnGGZjm6gjyhvqJu6","latLong":{"longitude":69.7008624,"latitude":23.2404526},"id":"OFkxVWXSMkA1y2tA44Am"},"TzrVcIGQLal6uQ9I1x5U":{"createdAt":{"_seconds":1664530176,"_nanoseconds":549000000},"latLong":{"longitude":69.6669317,"latitude":23.2419983},"status":"Initiated","id":"TzrVcIGQLal6uQ9I1x5U","orderId":"0sCG2tZP8fnbkmExwhVO"},"XZeM7f2agq7tU2J2BPuK":{"status":"Initiated","latLong":{"latitude":23.2404529,"longitude":69.7008621},"id":"XZeM7f2agq7tU2J2BPuK","orderId":"8dXPOvXhulKo3b2zZd0r"},"aPtzOb9kSIl0Eg5emS6c":{"status":"Initiated","latLong":{"latitude":23.2404415,"longitude":69.7008585},"orderId":"RFzWZFnkWoDuvEFYV4sH","id":"aPtzOb9kSIl0Eg5emS6c"},"bGyMne2MKuNaKUi6bVTJ":{"status":"Initiated","id":"bGyMne2MKuNaKUi6bVTJ","orderId":"RFzWZFnkWoDuvEFYV4sH","latLong":{"latitude":23.2404415,"longitude":69.7008585}},"cOoVQAUCMT2GJvOGTGHV":{"id":"cOoVQAUCMT2GJvOGTGHV","latLong":{"latitude":21.2355683,"longitude":72.85919},"status":"Initiated","orderId":"wcxHiuMyQgP4V0lsMTgE"},"dJgjUirXIbYrySjNl6wi":{"id":"dJgjUirXIbYrySjNl6wi","status":"Completed","latLong":{"longitude":69.700861,"latitude":23.2404533},"orderId":"s33zzuHKBtrUi8Lf9IFI"},"iyrHkAmwyBb9qUMfK4mn":{"id":"iyrHkAmwyBb9qUMfK4mn","latLong":{"latitude":23.2404441,"longitude":69.7008598},"orderId":"RFzWZFnkWoDuvEFYV4sH","status":"Initiated"},"oUKWFl0fPWv2hZWdxKGd":{"latLong":{"longitude":69.7008689,"latitude":23.2404587},"status":"Initiated","id":"oUKWFl0fPWv2hZWdxKGd","orderId":"uYICbPHvsMw8uGAdH0eW"},"oaTt0KEFkw9lRd4SDfoa":{"latLong":{"latitude":23.2404586,"longitude":69.7008694},"status":"Initiated","id":"oaTt0KEFkw9lRd4SDfoa","orderId":"uYICbPHvsMw8uGAdH0eW"},"pzhAIXRwtyOiVWsEw0oV":{"orderId":"EIK4no4LXmj2FjJB8a4A","status":"Initiated","id":"pzhAIXRwtyOiVWsEw0oV","latLong":{"longitude":69.7005817,"latitude":23.2406645}}}}