{"vehicle_type":{"6319c2eb4bcb9":{"minimum_delivery_charges_within_km":5,"supported_vehicle":"Audi BMW","id":"6319c2eb4bcb9","isActive":true,"description":"4 + 1 seater","name":"sedan","capacity":"4","short_description":"4 + 1 seater","vehicle_icon":"https://firebasestorage.googleapis.com/v0/b/emart-8d99f.appspot.com/o/images%2Fpexels-photo-116675.jpeg?alt=media&token=158d8927-9a33-4479-87ae-25e466b8822f","minimum_delivery_charges":10,"delivery_charges_per_km":5},"631af3371ae28":{"minimum_delivery_charges":20,"vehicle_icon":"https://firebasestorage.googleapis.com/v0/b/emart-8d99f.appspot.com/o/images%2Fpexels-photo-210019.jpeg?alt=media&token=8421c28d-4f42-40c3-ae6f-9c8f5c1be782","description":"3+1 seater","isActive":true,"supported_vehicle":"Audi BMW","delivery_charges_per_km":2,"name":"Mini","id":"631af3371ae28","minimum_delivery_charges_within_km":10,"capacity":"3","short_description":"3+1 seater"},"6368aa9ae67e3":{"isActive":true,"minimum_delivery_charges_within_km":5,"vehicle_icon":"https://firebasestorage.googleapis.com/v0/b/emart-8d99f.appspot.com/o/images%2F2014-Volkswagen-Golf-GTI-1200x862.jpg?alt=media&token=d3f0ed8f-ce43-4f21-b0d5-b6a7e9c7b230","supported_vehicle":"Renault KWID, Maruti Baleno, Tata Tiago","short_description":"Hatchback","delivery_charges_per_km":1,"capacity":"5","name":"Hatchback","description":"A hatchback is a car body configuration with a rear door that swings upward to provide access to a cargo area","minimum_delivery_charges":25,"id":"6368aa9ae67e3"}}}