{"vendor_categories":{"6287752edaa50":{"order":12,"review_attributes":[],"description":"Rose","section_id":"6285dd7b50f32","id":"6287752edaa50","publish":true,"photo":"https://firebasestorage.googleapis.com/v0/b/emart-8d99f.appspot.com/o/images%2Froses.png?alt=media&token=0fa43d9a-8f2a-4627-9c33-7996888e6f2f","title":"Roses","show_in_homepage":false},"628b7f18c1fdf":{"show_in_homepage":false,"description":"Daisy","title":"Daisy","id":"628b7f18c1fdf","photo":"https://firebasestorage.googleapis.com/v0/b/emart-8d99f.appspot.com/o/images%2FDaisy.png?alt=media&token=477f979e-d02f-48fa-8dfb-6ed5920e87f4","publish":true,"review_attributes":[],"order":13,"section_id":"6285dd7b50f32"},"628c79e14b7e4":{"id":"628c79e14b7e4","order":14,"review_attributes":["63493c00b14d6","63493c152e305","63493cb4250c6"],"photo":"https://firebasestorage.googleapis.com/v0/b/emart-8d99f.appspot.com/o/images%2FWatches.png?alt=media&token=7402409e-7237-40ea-b342-e0b510187082","title":"Watches","show_in_homepage":false,"section_id":"6285dd3281531","description":"watches","publish":true},"62cd5926d5186":{"title":"Burger","id":"62cd5926d5186","order":16,"show_in_homepage":false,"description":"Burger","publish":true,"section_id":"6285ddbfd9598","review_attributes":["63493c00b14d6","63a3e8de933f7"],"photo":"https://firebasestorage.googleapis.com/v0/b/emart-8d99f.appspot.com/o/images%2Fburger.png?alt=media&token=b89d777c-109f-4235-bea3-a0ddd3b06838"},"62dc0673d235b":{"section_id":null,"review_attributes":[],"photo":"https://firebasestorage.googleapis.com/v0/b/emart-8d99f.appspot.com/o/images%2Fbeer.png?alt=media&token=e154fe93-8f24-42b0-9e7b-410003b10343","title":"Beer","publish":true,"id":"62dc0673d235b","description":"Beer","order":17,"show_in_homepage":false},"62e3735c7df56":{"publish":true,"order":18,"review_attributes":[],"section_id":"6285ddbfd9598","description":"Sushi","id":"62e3735c7df56","title":"Sushi","show_in_homepage":false,"photo":"https://firebasestorage.googleapis.com/v0/b/emart-8d99f.appspot.com/o/images%2Fshushi.png?alt=media&token=10b07070-2480-427c-86c2-32f28124c444"},"62ecedf41a7fe":{"publish":true,"id":"62ecedf41a7fe","show_in_homepage":false,"photo":"https://firebasestorage.googleapis.com/v0/b/emart-8d99f.appspot.com/o/images%2Framen.png?alt=media&token=aeec11c2-c4b5-4b09-a8ea-79cbaf6f9377","review_attributes":[],"description":"Ramen","title":"Ramen","order":19,"section_id":"6285ddbfd9598"},"62eceea3c1cd9":{"publish":true,"id":"62eceea3c1cd9","order":20,"photo":"https://firebasestorage.googleapis.com/v0/b/emart-8d99f.appspot.com/o/images%2Fbar_food.png?alt=media&token=b4b985b8-6510-4656-9625-858f306347bb","review_attributes":["63493c00b14d6","63a3e8de933f7"],"title":"Bar Food","section_id":"6285ddbfd9598","description":"Bar Food","show_in_homepage":false},"62ecef0780589":{"review_attributes":["63493c834304c","63493c98ec7f6","63493cb4250c6"],"publish":true,"show_in_homepage":false,"photo":"https://firebasestorage.googleapis.com/v0/b/emart-8d99f.appspot.com/o/images%2FScreenshot_20221205-180641_YouTube_1670522454191.jpg?alt=media&token=d84eeb02-b1e6-4f30-9118-c0b286b67915","id":"62ecef0780589","order":21,"title":"Yemen","section_id":"6285ddbfd9598","description":"Japanesejyrkhffdd"},"62ecef57887cb":{"title":"New Mexican","section_id":"6285ddbfd9598","show_in_homepage":false,"publish":true,"order":22,"review_attributes":["63493c00b14d6","63a3e8de933f7"],"description":"New Mexican","photo":"https://firebasestorage.googleapis.com/v0/b/emart-8d99f.appspot.com/o/images%2Fnew_maxican.png?alt=media&token=cfdd283f-5e2b-4e4f-bad1-3ebd73bf1cac","id":"62ecef57887cb"},"62ecf0f1c144b":{"publish":true,"id":"62ecf0f1c144b","order":24,"description":"Sandwich","title":"Sandwich","review_attributes":["63493c00b14d6","63a3e8de933f7"],"section_id":"6285ddbfd9598","show_in_homepage":false,"photo":"https://firebasestorage.googleapis.com/v0/b/emart-8d99f.appspot.com/o/images%2Fsandwiches.png?alt=media&token=67692799-ba7e-4282-93e5-6f0a0a2ca8ad"},"62ecf18f51a76":{"section_id":"6285ddbfd9598","photo":"https://firebasestorage.googleapis.com/v0/b/emart-8d99f.appspot.com/o/images%2Fmediterranean.png?alt=media&token=6701d146-77e9-43cb-a8a1-4aeafe95af1d","description":"Mediterranean","id":"62ecf18f51a76","order":25,"review_attributes":[],"title":"Mediterranean","publish":true,"show_in_homepage":false},"62ecf35007e34":{"order":26,"show_in_homepage":false,"description":"Hair care","section_id":"6285dcf511651","publish":true,"title":"Hair care","review_attributes":["63493b46bb349","63493c00b14d6","63493c152e305","63493c834304c"],"photo":"https://firebasestorage.googleapis.com/v0/b/emart-8d99f.appspot.com/o/images%2Fhair_Care.png?alt=media&token=42caf464-0d7b-4e0b-ad96-339b82f8e93d","id":"62ecf35007e34"},"62ecf81cedfd9":{"review_attributes":[],"order":27,"description":"Sparkling","title":"Sparkling","section_id":null,"id":"62ecf81cedfd9","show_in_homepage":false,"publish":true,"photo":"https://firebasestorage.googleapis.com/v0/b/emart-8d99f.appspot.com/o/images%2Fsparkling.png?alt=media&token=bf562beb-6c57-41ec-8f9c-b1ba9cb15dfc"},"62ecf81d6e41b":{"id":"62ecf81d6e41b","photo":"https://firebasestorage.googleapis.com/v0/b/emart-8d99f.appspot.com/o/images%2Fwine.png?alt=media&token=f82f203d-5b7d-42e9-88cf-20f2f8976f60","order":28,"section_id":null,"description":"Wine","publish":true,"title":"Wine","show_in_homepage":false,"review_attributes":[]},"62ecf81dcd06f":{"section_id":null,"review_attributes":[],"id":"62ecf81dcd06f","photo":"https://firebasestorage.googleapis.com/v0/b/emart-8d99f.appspot.com/o/images%2FCocktail.png?alt=media&token=17c89e83-8940-4fd6-81a0-d8e4e4d2e30f","publish":true,"show_in_homepage":false,"description":"Cocktail","order":29,"title":"Cocktail"},"62ecf81e23675":{"description":"Liquor","section_id":null,"publish":true,"review_attributes":[],"photo":"https://firebasestorage.googleapis.com/v0/b/emart-8d99f.appspot.com/o/images%2FLiquor.png?alt=media&token=9cf615f1-8dee-43e6-bb6c-272bcbc46f5b","title":"Liquor","show_in_homepage":false,"order":30,"id":"62ecf81e23675"},"62ecf8cb6aeae":{"section_id":null,"show_in_homepage":false,"title":"Vodka","photo":"https://firebasestorage.googleapis.com/v0/b/emart-8d99f.appspot.com/o/images%2FVodka.png?alt=media&token=255c01df-7e5c-46cc-8a32-bd39d3ef42b3","publish":true,"description":"Vodka","order":29,"id":"62ecf8cb6aeae","review_attributes":[]},"62ecf8cba3ad3":{"title":"Extra","order":29,"photo":"https://firebasestorage.googleapis.com/v0/b/emart-8d99f.appspot.com/o/images%2Fextra.png?alt=media&token=cc2f8c6d-1e9a-4d62-93a3-5b41d2939050","description":"Extra","id":"62ecf8cba3ad3","review_attributes":[],"section_id":null,"show_in_homepage":false,"publish":true},"62ecfa2591016":{"review_attributes":[],"publish":true,"photo":"https://firebasestorage.googleapis.com/v0/b/emart-8d99f.appspot.com/o/images%2FHair_extensions.png?alt=media&token=77b0298b-fd1a-48a8-8aa1-cc9327f5d53c","description":"Hair extensions\n","id":"62ecfa2591016","section_id":"6285dcf511651","title":"Hair extensions","show_in_homepage":false,"order":32},"62ecfa25d2ced":{"photo":"https://firebasestorage.googleapis.com/v0/b/emart-8d99f.appspot.com/o/images%2Fwigs.png?alt=media&token=0ab955ad-0bf5-49f0-93b6-e56abf036027","description":"Wigs","review_attributes":[],"order":32,"show_in_homepage":false,"id":"62ecfa25d2ced","title":"Wigs","publish":true,"section_id":"6285dcf511651"},"62ecfa2615a59":{"photo":"https://firebasestorage.googleapis.com/v0/b/emart-8d99f.appspot.com/o/images%2Fskin_care.png?alt=media&token=4fcfe380-bc28-40e4-bc6b-f8c9377d0487","section_id":"6285dcf511651","show_in_homepage":true,"id":"62ecfa2615a59","order":32,"publish":true,"title":"Skin care","description":"Skin care\n","review_attributes":[]},"62ecfa264e7d8":{"order":32,"review_attributes":[],"publish":true,"description":"Make up","id":"62ecfa264e7d8","title":"Make up","show_in_homepage":true,"photo":"https://firebasestorage.googleapis.com/v0/b/emart-8d99f.appspot.com/o/images%2Fmackup.png?alt=media&token=e798f095-0e4d-47ee-a913-911953025875","section_id":"6285dcf511651"},"62ecfa27888a9":{"publish":true,"photo":"https://firebasestorage.googleapis.com/v0/b/emart-8d99f.appspot.com/o/images%2FAccessories.png?alt=media&token=019c5a04-d320-45bb-a4f4-f842ac67b2a5","description":"Accessories","title":"Accessories","section_id":"6285dcf511651","order":32,"review_attributes":[],"id":"62ecfa27888a9","show_in_homepage":false},"62ecfdfb02b2a":{"publish":true,"order":37,"section_id":"6285dd3281531","show_in_homepage":true,"title":"Men's wear","description":"Men's wear\n","id":"62ecfdfb02b2a","photo":"https://firebasestorage.googleapis.com/v0/b/emart-8d99f.appspot.com/o/images%2Fmen%20(2).png?alt=media&token=6a918bf3-fe17-483c-bb09-0dfe4da67fa7","review_attributes":["63493c00b14d6","63889f257ba40","63889f3a7e122"]},"62ecfdfb47287":{"review_attributes":[],"publish":true,"photo":"https://firebasestorage.googleapis.com/v0/b/emart-8d99f.appspot.com/o/images%2Fjwlr.png?alt=media&token=6748103c-2d5f-4e57-ad78-5372702d5c29","order":37,"title":"Jewellery","description":"Jewellery","section_id":"6285dd3281531","show_in_homepage":false,"id":"62ecfdfb47287"},"62ecff6a8c983":{"description":"Carnations","review_attributes":[],"photo":"https://firebasestorage.googleapis.com/v0/b/emart-8d99f.appspot.com/o/images%2FCarnations.png?alt=media&token=c9a2a197-5cdf-4339-b292-bf21ab1a29d2","section_id":"6285dd7b50f32","id":"62ecff6a8c983","show_in_homepage":false,"publish":true,"title":"Carnations","order":39},"62ecff6af068d":{"review_attributes":[],"publish":true,"photo":"https://firebasestorage.googleapis.com/v0/b/emart-8d99f.appspot.com/o/images%2FOrchids.png?alt=media&token=1b33e20c-92fe-4d4e-afb0-829ae539fc56","section_id":"6285dd7b50f32","show_in_homepage":false,"id":"62ecff6af068d","title":"Orchids","order":39,"description":"Orchids"},"62ecff6b401f7":{"title":"Lilies","section_id":"6285dd7b50f32","id":"62ecff6b401f7","order":39,"photo":"https://firebasestorage.googleapis.com/v0/b/emart-8d99f.appspot.com/o/images%2FLilies.png?alt=media&token=c6c0f34c-876d-4c8a-8126-ed2067d8019e","show_in_homepage":false,"description":"Lilies","publish":true,"review_attributes":[]},"62ecff6b9816b":{"review_attributes":[],"description":"Flowers Basket","title":"Flowers Basket","publish":true,"show_in_homepage":false,"id":"62ecff6b9816b","photo":"https://firebasestorage.googleapis.com/v0/b/emart-8d99f.appspot.com/o/images%2FFlowers-Basket.png?alt=media&token=9173d6bb-4856-4957-b863-2331167de127","order":39,"section_id":"6285dd7b50f32"},"62f22bd707b80":{"publish":true,"id":"62f22bd707b80","order":49,"title":"Homeopathic Hospital","photo":"https://firebasestorage.googleapis.com/v0/b/emart-8d99f.appspot.com/o/images%2Flogo.png?alt=media&token=a7c2fa43-bba3-4626-a012-23a1dcff6c18","show_in_homepage":false,"section_id":null,"review_attributes":[],"description":"this is homeopathic hospital"},"63658e2a3d840":{"order":52,"review_attributes":[],"photo":"https://firebasestorage.googleapis.com/v0/b/emart-8d99f.appspot.com/o/images%2Fseefood-bg2.png?alt=media&token=4fdedeeb-f1bf-42b6-8bdc-dbb9213d9c8e","id":"63658e2a3d840","description":"naama","title":"bismi","publish":false,"show_in_homepage":false,"section_id":"6285dcf511651"},"636b70cc5a600":{"review_attributes":["63493c00b14d6","63889f257ba40","63889f3a7e122"],"title":"Women's Wear","description":"Women's Wear","section_id":"6285dd3281531","publish":true,"order":51,"show_in_homepage":false,"photo":"https://firebasestorage.googleapis.com/v0/b/emart-8d99f.appspot.com/o/images%2FDress_20.jpg?alt=media&token=1477dcff-4990-4592-9f05-e31916dae15f","id":"636b70cc5a600"},"636e30433dd7e":{"review_attributes":[],"order":52,"publish":true,"section_id":"6319dc53314ee","description":"Fruits","title":"Fruits","show_in_homepage":true,"id":"636e30433dd7e","photo":"https://firebasestorage.googleapis.com/v0/b/emart-8d99f.appspot.com/o/images%2Ffruits.png?alt=media&token=c11f1d6d-ab54-4b03-aac4-59371e17624c"},"636e34286dd8d":{"section_id":"6285dcf511651","publish":false,"photo":"https://firebasestorage.googleapis.com/v0/b/emart-8d99f.appspot.com/o/images%2F3d-realistic-cosmetic-bottle-ads-600w-725617681.webp?alt=media&token=1eccfc60-20d7-4385-a369-c9f387f8d8f5","review_attributes":[],"description":"ok","order":53,"id":"636e34286dd8d","show_in_homepage":true,"title":"ok"},"637cc2be430dc":{"description":"Thmtest","section_id":"6285dd7b50f32","show_in_homepage":false,"photo":"https://firebasestorage.googleapis.com/v0/b/emart-8d99f.appspot.com/o/images%2Fdownload%20(6).jpg?alt=media&token=102ee55a-e519-4be8-abe2-348bf4cbf328","id":"637cc2be430dc","title":"Thmtest","review_attributes":[],"publish":false,"order":54},"637dfc9eae109":{"review_attributes":[],"title":"testcat","order":55,"photo":"https://firebasestorage.googleapis.com/v0/b/emart-8d99f.appspot.com/o/images%2Fthumb2_1669201224369.jpg?alt=media&token=74766d1b-a105-46c8-ae72-143a1c7c6640","publish":false,"id":"637dfc9eae109","show_in_homepage":false,"section_id":"6285dcf511651","description":"testing"},"638527080321b":{"photo":"https://firebasestorage.googleapis.com/v0/b/emart-8d99f.appspot.com/o/images%2Felectric-car-charging-at-home-clean-energy-filling-technology_1669670698003.jpg?alt=media&token=e8a7743d-6f21-484d-9fc4-5cda3962bea9","order":46,"show_in_homepage":false,"description":"Carro","id":"638527080321b","title":"Carro","section_id":"631852d1bc978","review_attributes":[],"publish":false},"63a2b7478c6a5":{"review_attributes":[],"publish":false,"title":"Food","section_id":"6285ddbfd9598","order":47,"photo":"https://firebasestorage.googleapis.com/v0/b/emart-8d99f.appspot.com/o/images%2Fdownload%20(2)_1671608196062.jpg?alt=media&token=fb097d1b-db64-4eca-a708-2d68626fdc0b","id":"63a2b7478c6a5","show_in_homepage":true,"description":"food"},"63aaf0142902b":{"description":"Pizza","photo":"https://firebasestorage.googleapis.com/v0/b/emart-8d99f.appspot.com/o/images%2Fclassic-cheese-pizza-FT-RECIPE0422-31a2c938fc2546c9a07b7011658cfd05_1672147010675.jpg?alt=media&token=bf036cbf-4fe3-4706-be05-2d1853f58942","review_attributes":[],"show_in_homepage":false,"id":"63aaf0142902b","publish":true,"title":"Pizza","order":46,"section_id":"6285ddbfd9598"},"88pNxhccktxkSgIndZ8e":{"show_in_homepage":true,"title":"Vegetables","id":"88pNxhccktxkSgIndZ8e","review_attributes":[],"publish":true,"photo":"https://firebasestorage.googleapis.com/v0/b/gromart-5dd93.appspot.com/o/images%2Fcategories%2Fvegetables.png?alt=media&token=8e5ba80c-76d8-4da5-9bea-5a6d66c544a2","description":"Vegetables","order":8,"section_id":"6319dc53314ee"},"OvjEAidyRSeuoH81pK4O":{"title":"Meat","publish":false,"order":6,"section_id":"6319dc53314ee","id":"OvjEAidyRSeuoH81pK4O","review_attributes":[],"photo":"https://firebasestorage.googleapis.com/v0/b/gromart-5dd93.appspot.com/o/images%2Fcategories%2Fmeat.png?alt=media&token=5793ae4d-22e5-4fb7-ae4c-4177292146c4","description":"Meat","show_in_homepage":true},"lNZkE309uNZB4v9jkChM":{"order":4,"section_id":"6285dd3281531","description":"Bags","photo":"https://firebasestorage.googleapis.com/v0/b/emart-8d99f.appspot.com/o/images%2FBags.png?alt=media&token=0d95ca40-4bdc-4133-aae0-12cc3effbfd8","title":"Bags","publish":true,"review_attributes":["63493c00b14d6","63889f3a7e122"],"show_in_homepage":true,"id":"lNZkE309uNZB4v9jkChM"},"wxHH0kJnCExOI6sHaXvX":{"publish":true,"order":5,"review_attributes":[],"description":"Shoes","id":"wxHH0kJnCExOI6sHaXvX","title":"Shoes","show_in_homepage":false,"photo":"https://firebasestorage.googleapis.com/v0/b/emart-8d99f.appspot.com/o/images%2Fshoes.png?alt=media&token=2d323fc4-595e-43fa-9672-81712df12369","section_id":"6285dd3281531"},"zGhiepckNthq5FILtM4Eb":{"publish":true,"title":"Drinks","section_id":"6319dc53314ee","description":"Drinks","photo":"https://firebasestorage.googleapis.com/v0/b/gromart-5dd93.appspot.com/o/images%2Fcategories%2Fdrinks.png?alt=media&token=6fc9a3cb-6eea-4ec0-bfcd-996a8e96d593","id":"zGhiepckNthq5FILtM4Eb","review_attributes":[],"order":2,"show_in_homepage":true},"zzq4LngLd8PWzYJfsvnjfV":{"order":7,"review_attributes":[],"id":"zzq4LngLd8PWzYJfsvnjfV","section_id":"6319dc53314ee","photo":"https://firebasestorage.googleapis.com/v0/b/gromart-5dd93.appspot.com/o/images%2Fcategories%2Fsnacks.png?alt=media&token=2f351210-9fee-4092-917a-27a04ad840fc","description":"Snacks","title":"Snacks","publish":true,"show_in_homepage":true}}}