{"wallet":{"0c5wSKZqxsU0vFTOqCe3":{"user_id":"Ns8qYoc3UJe9Je80mpOeP4GT9vv2","isTopUp":true,"amount":50,"payment_method":"Stripe","id":"0c5wSKZqxsU0vFTOqCe3","serviceType":"","date":{"_seconds":1669274765,"_nanoseconds":658000000},"order_id":"","payment_status":"success"},"0x1IMy9ZlQqJbyvOFJoE":{"payment_status":"success","order_id":"","isTopUp":true,"serviceType":"rental-service","payment_method":"Wallet","id":"0x1IMy9ZlQqJbyvOFJoE","date":{"_seconds":1670928002,"_nanoseconds":117000000},"user_id":"ZqquRzGD5wd3bbxFThkQZIzbOcA3","amount":152.95},"0ze22y3fNjdlyJkA6YST":{"id":"0ze22y3fNjdlyJkA6YST","payment_method":"Wallet","serviceType":"cab-service","amount":35,"date":{"_seconds":1669297968,"_nanoseconds":544000000},"order_id":"lvk9LwDOVx5pmGX8eiAV","isTopUp":false,"user_id":"ZqquRzGD5wd3bbxFThkQZIzbOcA3","payment_status":"success"},"133r8C2hQuDy1Jzwrrbd":{"serviceType":"cab-service","isTopUp":false,"date":{"_seconds":1669298613,"_nanoseconds":658000000},"user_id":"ZqquRzGD5wd3bbxFThkQZIzbOcA3","payment_method":"Wallet","id":"133r8C2hQuDy1Jzwrrbd","amount":64.53999999999999,"payment_status":"success","order_id":"yfSxTLt6iBXPp1mUXs8Q"},"1FO8QJCfc57EvuAij1FV":{"serviceType":"","user_id":"b7kVJig9eQYb1wq45V3PfAcv9zD2","isTopUp":true,"payment_status":"success","payment_method":"FlutterWave","order_id":"","amount":50,"id":"1FO8QJCfc57EvuAij1FV","date":{"_seconds":1668586096,"_nanoseconds":122000000}},"1jNbKEYaDLGQV4eqr0Ok":{"amount":56.87599999999999,"id":"1jNbKEYaDLGQV4eqr0Ok","user_id":"OqUCXxlvX8S4OTjlC1x1iDvi0F22","order_id":"Kzi3NsXjHVp4262aWZMS","date":{"_seconds":1667394829,"_nanoseconds":54000000},"payment_status":"success","payment_method":"Wallet","isTopUp":false},"1nOO24ROrTWSb6vvy3GC":{"serviceType":"","id":"1nOO24ROrTWSb6vvy3GC","date":{"_seconds":1669987027,"_nanoseconds":685000000},"isTopUp":false,"payment_method":"Wallet","amount":175.15,"payment_status":"success","order_id":"tcRBykWskHUOQdp2jWbn","user_id":"ZqquRzGD5wd3bbxFThkQZIzbOcA3"},"1q9qYp07yjbjGNergxJS":{"order_id":"pfeurCc3mt1U8b5bVXSy","isTopUp":false,"date":{"_seconds":1671089461,"_nanoseconds":885000000},"payment_method":"Wallet","user_id":"ZqquRzGD5wd3bbxFThkQZIzbOcA3","amount":1544.58,"id":"1q9qYp07yjbjGNergxJS","serviceType":"","payment_status":"success"},"1reWRclKyY502wfitvKk":{"user_id":"FmKWwUmtyQeeZejrUDMSrn6dkLg2","id":"1reWRclKyY502wfitvKk","amount":353.16,"payment_method":"Wallet","date":{"_seconds":1657693696,"_nanoseconds":663000000},"payment_status":"success","order_id":"3sNMmydAITgjkAA8nJKs","isTopUp":false},"21QKihGEIc2X35yjiVid":{"isTopUp":true,"amount":466.1,"order_id":"","date":{"_seconds":1670507897,"_nanoseconds":193000000},"payment_status":"success","payment_method":"Wallet","user_id":"FoWYOGCkXEYmXk3xWdSJWOGrlKe2","id":"21QKihGEIc2X35yjiVid","serviceType":"rental-service"},"2Edu7yXMgQFR9YDfcwhn":{"payment_method":"Refund Amount","order_id":"","isTopUp":true,"date":{"_seconds":1671434344,"_nanoseconds":836000000},"user_id":"ZqquRzGD5wd3bbxFThkQZIzbOcA3","payment_status":"success","serviceType":"","id":"2Edu7yXMgQFR9YDfcwhn","amount":304.75},"2RclocgTURvD235HdZEd":{"amount":18.0009,"user_id":"b7kVJig9eQYb1wq45V3PfAcv9zD2","payment_method":"Wallet","date":{"_seconds":1663675664,"_nanoseconds":334000000},"order_id":"uTE2gBnipg8hAA3Za5Oe","payment_status":"success","isTopUp":false,"id":"2RclocgTURvD235HdZEd"},"2Z4dOY4fZg1y7unDB65f":{"user_id":"Y08DBlDzTDMjytmp0OEdF3OczNd2","order_id":"","amount":320,"isTopUp":true,"payment_method":"Refund Amount","payment_status":"Refund success","id":"2Z4dOY4fZg1y7unDB65f","date":{"_seconds":1654499572,"_nanoseconds":841000000}},"2aFlC1ph0ndd8tVFovWK":{"order_id":"UI48mI9okeInijIfhhPu","id":"2aFlC1ph0ndd8tVFovWK","payment_method":"Wallet","isTopUp":false,"date":{"_seconds":1668520312,"_nanoseconds":19000000},"payment_status":"success","serviceType":"","amount":197.76,"user_id":"ZqquRzGD5wd3bbxFThkQZIzbOcA3"},"2sHkh25G7Ftb3dyxIUrT":{"order_id":"","payment_status":"success","payment_method":"PayFast","date":{"_seconds":1656505239,"_nanoseconds":306000000},"amount":50,"user_id":"sISQSJnzw0hYCz9l1hhm8HtdyHC2","isTopUp":true,"id":"2sHkh25G7Ftb3dyxIUrT"},"2tzwPcGGq2X2aTcqHjIu":{"isTopUp":true,"user_id":"ZqquRzGD5wd3bbxFThkQZIzbOcA3","payment_status":"success","order_id":"","id":"2tzwPcGGq2X2aTcqHjIu","serviceType":"rental-service","date":{"_seconds":1669709681,"_nanoseconds":304000000},"amount":0,"payment_method":"Wallet"},"4CZNhbs283FSFnSqMHaC":{"user_id":"b7kVJig9eQYb1wq45V3PfAcv9zD2","id":"4CZNhbs283FSFnSqMHaC","order_id":"Y1HJwsbkwJrA2STUYWWx","amount":0,"payment_method":"Wallet","payment_status":"success","date":{"_seconds":1663681264,"_nanoseconds":154000000},"isTopUp":false},"4LIBD2tohgZmyWYI5IeW":{"amount":146.07,"user_id":"ZqquRzGD5wd3bbxFThkQZIzbOcA3","id":"4LIBD2tohgZmyWYI5IeW","order_id":"T5U3BJ1DUbkrYcCeHEnV","isTopUp":false,"payment_status":"success","serviceType":"","date":{"_seconds":1671109588,"_nanoseconds":742000000},"payment_method":"Wallet"},"54Zn7BA2oGnsrUv5LxIt":{"serviceType":"cab-service","order_id":"wLr2V7ADEXBu30YOWgIi","id":"54Zn7BA2oGnsrUv5LxIt","date":{"_seconds":1669114605,"_nanoseconds":749000000},"user_id":"ZqquRzGD5wd3bbxFThkQZIzbOcA3","amount":32.444,"payment_method":"Wallet","isTopUp":false,"payment_status":"success"},"5tCC7QzDoHJ6DQdMePZN":{"isTopUp":false,"date":{"_seconds":1669986886,"_nanoseconds":537000000},"payment_method":"Wallet","order_id":"blSCq8MbvYoQqU9y12hm","serviceType":"","id":"5tCC7QzDoHJ6DQdMePZN","amount":153.75,"payment_status":"success","user_id":"ZqquRzGD5wd3bbxFThkQZIzbOcA3"},"638895d404c8c":{"user_id":"","amount":0,"id":"638895d404c8c","payment_status":"success","payment_method":"Cancelled Order Payment","date":"Order Rejected"},"6XzncGugWNZiHPZn5Yqe":{"amount":50,"user_id":"jqVVvUjJR7MlacA7xn3ZbTXcr2j2","payment_status":"Refund success","isTopUp":true,"date":{"_seconds":1670244676,"_nanoseconds":10000000},"id":"6XzncGugWNZiHPZn5Yqe","order_id":"","payment_method":"Refund Amount"},"6amORVKEa6jYWAzG7sQz":{"user_id":"ZqquRzGD5wd3bbxFThkQZIzbOcA3","order_id":"","isTopUp":true,"payment_status":"success","date":{"_seconds":1670930721,"_nanoseconds":244000000},"id":"6amORVKEa6jYWAzG7sQz","amount":632.5,"payment_method":"Refund Amount","serviceType":""},"6gJKBhIGTdttrmx5CZi2":{"user_id":"b7kVJig9eQYb1wq45V3PfAcv9zD2","amount":82.3994,"order_id":"SysJQM2O1xu90eXKmXIR","payment_status":"success","payment_method":"Wallet","id":"6gJKBhIGTdttrmx5CZi2","date":{"_seconds":1663741713,"_nanoseconds":984000000},"isTopUp":false},"6sd91pFm9EIJMuEQ3GhS":{"date":{"_seconds":1663909846,"_nanoseconds":177000000},"order_id":"fdtj1SPqBf5dKfqeu1Gx","amount":0,"user_id":"b7kVJig9eQYb1wq45V3PfAcv9zD2","payment_method":"Wallet","isTopUp":false,"id":"6sd91pFm9EIJMuEQ3GhS","payment_status":"success"},"6wnxkX2BsbI62RJknZXH":{"serviceType":"cab-service","payment_method":"Wallet","payment_status":"success","id":"6wnxkX2BsbI62RJknZXH","isTopUp":false,"order_id":"lI4SJDOzWNQ9ikG5wVZy","date":{"_seconds":1669205142,"_nanoseconds":562000000},"amount":25.7,"user_id":"ZqquRzGD5wd3bbxFThkQZIzbOcA3"},"7NfKndNRCCRENZdNyTOO":{"payment_method":"Wallet","id":"7NfKndNRCCRENZdNyTOO","isTopUp":false,"date":{"_seconds":1666078181,"_nanoseconds":720000000},"user_id":"OqUCXxlvX8S4OTjlC1x1iDvi0F22","order_id":"RihG4Qt2dHJQjhYG0lEr","amount":11.7365,"payment_status":"success"},"7Uqqq119pW2GwH60CfYp":{"payment_method":"Wallet","isTopUp":false,"user_id":"ZqquRzGD5wd3bbxFThkQZIzbOcA3","amount":103.5,"serviceType":"parcel-service","id":"7Uqqq119pW2GwH60CfYp","payment_status":"success","order_id":"9Usqr1mGfKEokRfGzvud","date":{"_seconds":1671082667,"_nanoseconds":301000000}},"7e7VwntkZwtFwO25zcjZ":{"date":{"_seconds":1665726670,"_nanoseconds":68000000},"id":"7e7VwntkZwtFwO25zcjZ","user_id":"ZqquRzGD5wd3bbxFThkQZIzbOcA3","payment_method":"Refund Amount","order_id":"","isTopUp":true,"amount":720,"payment_status":"Refund success"},"8exy42s72Dfy4Hbguxnv":{"payment_method":"PayFast","payment_status":"success","isTopUp":true,"order_id":"","user_id":"OqUCXxlvX8S4OTjlC1x1iDvi0F22","date":{"_seconds":1668434521,"_nanoseconds":391000000},"id":"8exy42s72Dfy4Hbguxnv","serviceType":"","amount":500},"8m9Pd0oPY1PkiJM3tILV":{"payment_status":"success","date":{"_seconds":1663596014,"_nanoseconds":591000000},"isTopUp":false,"order_id":"QYbGRmkHdIZg1qSMargs","amount":2.1475999999999997,"payment_method":"Wallet","id":"8m9Pd0oPY1PkiJM3tILV","user_id":"ZqquRzGD5wd3bbxFThkQZIzbOcA3"},"9OBxpKC7Wq3KdczXHJB3":{"order_id":"","user_id":"ZqquRzGD5wd3bbxFThkQZIzbOcA3","id":"9OBxpKC7Wq3KdczXHJB3","isTopUp":true,"date":{"_seconds":1670931396,"_nanoseconds":880000000},"serviceType":"","amount":207,"payment_status":"success","payment_method":"Refund Amount"},"9anraQHQC2H66DXu0AlB":{"payment_method":"Wallet","isTopUp":false,"serviceType":"cab-service","date":{"_seconds":1669277149,"_nanoseconds":65000000},"amount":35,"payment_status":"success","user_id":"ZqquRzGD5wd3bbxFThkQZIzbOcA3","id":"9anraQHQC2H66DXu0AlB","order_id":"IyvGXRAoZZuc1YlSTAQm"},"9zhvx7TRmWDz26K4Xfu9":{"amount":50,"isTopUp":true,"order_id":"","payment_method":"RazorPay","date":{"_seconds":1661847393,"_nanoseconds":224000000},"id":"9zhvx7TRmWDz26K4Xfu9","user_id":"WieRK3WgL3UkqpDytmr2GRd7sA93","payment_status":"success"},"AudiFY4uWyKArLVaGKJF":{"order_id":"","payment_status":"success","user_id":"ZqquRzGD5wd3bbxFThkQZIzbOcA3","id":"AudiFY4uWyKArLVaGKJF","payment_method":"FlutterWave","date":{"_seconds":1665989440,"_nanoseconds":654000000},"amount":36.5236,"isTopUp":true},"B4MmKmjhAFkrxpOOl9H5":{"date":{"_seconds":1671110153,"_nanoseconds":87000000},"order_id":"ffk8cyEHWlQa9DJIo3kr","id":"B4MmKmjhAFkrxpOOl9H5","isTopUp":false,"user_id":"ZqquRzGD5wd3bbxFThkQZIzbOcA3","payment_method":"Wallet","amount":253.70999999999998,"serviceType":"","payment_status":"success"},"BYbQCMMjY9gx0DO5Op7k":{"payment_method":"Wallet","isTopUp":false,"date":{"_seconds":1668520587,"_nanoseconds":770000000},"user_id":"ZqquRzGD5wd3bbxFThkQZIzbOcA3","serviceType":"","order_id":"g1M2lVxWXGffgzBxOAOH","payment_status":"success","amount":18.56,"id":"BYbQCMMjY9gx0DO5Op7k"},"ByMHSUzdSYUsYX2yCaWi":{"date":{"_seconds":1663748805,"_nanoseconds":335000000},"payment_status":"success","amount":0.47790000000000005,"order_id":"2ksDIvRpmAwpp39B56Bz","isTopUp":false,"payment_method":"Wallet","id":"ByMHSUzdSYUsYX2yCaWi","user_id":"b7kVJig9eQYb1wq45V3PfAcv9zD2"},"CWHIxLsmEjtwqbQW1rvh":{"date":{"_seconds":1669634626,"_nanoseconds":280000000},"amount":11.8,"payment_method":"Wallet","payment_status":"success","id":"CWHIxLsmEjtwqbQW1rvh","user_id":"Ns8qYoc3UJe9Je80mpOeP4GT9vv2","serviceType":"cab-service","order_id":"HQ2pZE2Pd5bcrMUavG23","isTopUp":false},"CiEs4Qmjc0gSyna9dGot":{"user_id":"b7kVJig9eQYb1wq45V3PfAcv9zD2","id":"CiEs4Qmjc0gSyna9dGot","amount":0.4661,"payment_status":"success","payment_method":"Wallet","order_id":"eAf04GpwqKr6kzpdrAJZ","date":{"_seconds":1663678813,"_nanoseconds":533000000},"isTopUp":false},"Cl5K93g82Pn6MJMnm2mY":{"serviceType":"","amount":50,"id":"Cl5K93g82Pn6MJMnm2mY","date":{"_seconds":1668661975,"_nanoseconds":321000000},"payment_method":"FlutterWave","user_id":"b7kVJig9eQYb1wq45V3PfAcv9zD2","order_id":"","isTopUp":true,"payment_status":"success"},"DBeAzckMarqrtilCpHDY":{"isTopUp":true,"serviceType":"","order_id":"","user_id":"ZqquRzGD5wd3bbxFThkQZIzbOcA3","payment_method":"Stripe","amount":50,"id":"DBeAzckMarqrtilCpHDY","date":{"_seconds":1667990647,"_nanoseconds":77000000},"payment_status":"success"},"DqbQRDYnDmt1Mro1D0Zs":{"payment_method":"Refund Amount","payment_status":"Refund success","isTopUp":true,"id":"DqbQRDYnDmt1Mro1D0Zs","order_id":"","amount":200,"date":{"_seconds":1670560107,"_nanoseconds":124000000},"user_id":"ZqquRzGD5wd3bbxFThkQZIzbOcA3"},"E8iJgoLSlpgACouA518X":{"date":{"_seconds":1665989558,"_nanoseconds":140000000},"user_id":"ZqquRzGD5wd3bbxFThkQZIzbOcA3","order_id":"","id":"E8iJgoLSlpgACouA518X","payment_status":"success","amount":50.28,"payment_method":"PayFast","isTopUp":true},"EecvTUEKqsuD9kK6wMvz":{"serviceType":"cab-service","payment_method":"Wallet","payment_status":"success","id":"EecvTUEKqsuD9kK6wMvz","isTopUp":false,"date":{"_seconds":1669025963,"_nanoseconds":485000000},"amount":56.989999999999995,"user_id":"jqVVvUjJR7MlacA7xn3ZbTXcr2j2","order_id":"5x1Ix9QPHJzfhlX5N4xP"},"ElRPS0JyROjSxwKm2vXx":{"amount":23.6585,"isTopUp":false,"payment_method":"Wallet","id":"ElRPS0JyROjSxwKm2vXx","date":{"_seconds":1663747755,"_nanoseconds":781000000},"payment_status":"success","user_id":"b7kVJig9eQYb1wq45V3PfAcv9zD2","order_id":"9iHerxW7Bx4UexJKeqWb"},"F2yU2w1PBrIfx4NVmwSq":{"amount":131.42399999999998,"date":{"_seconds":1668760126,"_nanoseconds":540000000},"payment_method":"Wallet","isTopUp":true,"order_id":"","id":"F2yU2w1PBrIfx4NVmwSq","user_id":"jqVVvUjJR7MlacA7xn3ZbTXcr2j2","serviceType":"","payment_status":"success"},"FFot7r63jfrIv6vzpszP":{"payment_method":"Refund Amount","order_id":"","amount":50,"date":{"_seconds":1668666903,"_nanoseconds":182000000},"user_id":"Ns8qYoc3UJe9Je80mpOeP4GT9vv2","id":"FFot7r63jfrIv6vzpszP","isTopUp":true,"payment_status":"Refund success"},"FFsLvIuEqR2nq4o5Eweg":{"user_id":"b7kVJig9eQYb1wq45V3PfAcv9zD2","amount":50,"payment_status":"success","order_id":"","serviceType":"","isTopUp":true,"payment_method":"FlutterWave","date":{"_seconds":1668605011,"_nanoseconds":262000000},"id":"FFsLvIuEqR2nq4o5Eweg"},"FeRd94BPGPv5xDCBcyJk":{"date":{"_seconds":1670560102,"_nanoseconds":397000000},"payment_method":"Refund Amount","id":"FeRd94BPGPv5xDCBcyJk","amount":1614,"user_id":"ZqquRzGD5wd3bbxFThkQZIzbOcA3","isTopUp":true,"order_id":"","payment_status":"Refund success"},"GcHOdCL48Y3iOj8tnKZN":{"serviceType":"","id":"GcHOdCL48Y3iOj8tnKZN","payment_status":"success","isTopUp":false,"user_id":"ZqquRzGD5wd3bbxFThkQZIzbOcA3","payment_method":"Wallet","order_id":"FHKWeuavBjCKXLFCMMgc","amount":218.38,"date":{"_seconds":1671088954,"_nanoseconds":421000000}},"GpFtftz3EPbiIGsEJkp6":{"date":{"_seconds":1663741848,"_nanoseconds":413000000},"order_id":"tOiP4b4jgr12Vkz9MOFs","amount":21.5763,"id":"GpFtftz3EPbiIGsEJkp6","payment_method":"Wallet","isTopUp":false,"user_id":"b7kVJig9eQYb1wq45V3PfAcv9zD2","payment_status":"success"},"H83LlZIVBgH5vkLbSjfc":{"payment_method":"Wallet","order_id":"d27Z0tnDtD9Ir5wABPvh","amount":39.6075,"id":"H83LlZIVBgH5vkLbSjfc","user_id":"ZqquRzGD5wd3bbxFThkQZIzbOcA3","payment_status":"success","isTopUp":false,"date":{"_seconds":1669298113,"_nanoseconds":139000000},"serviceType":"cab-service"},"HDf21aRravRcclv3a9FO":{"order_id":"","id":"HDf21aRravRcclv3a9FO","amount":1886.112,"serviceType":"","isTopUp":true,"date":{"_seconds":1671023851,"_nanoseconds":26000000},"user_id":"FoWYOGCkXEYmXk3xWdSJWOGrlKe2","payment_method":"Refund Amount","payment_status":"success"},"HfEzQlZhgP9bLK9L7Ekb":{"order_id":"","date":{"_seconds":1668602750,"_nanoseconds":475000000},"payment_method":"Refund Amount","id":"HfEzQlZhgP9bLK9L7Ekb","amount":100,"user_id":"OqUCXxlvX8S4OTjlC1x1iDvi0F22","isTopUp":true,"payment_status":"Refund success"},"HpZ7o4PY6Zdiog87odWu":{"payment_status":"success","date":{"_seconds":1654089591,"_nanoseconds":311000000},"amount":500,"user_id":"sISQSJnzw0hYCz9l1hhm8HtdyHC2","id":"HpZ7o4PY6Zdiog87odWu","isTopUp":true,"payment_method":"Stripe","order_id":""},"I2aAsLiQYViq1uAEedS7":{"payment_method":"RazorPay","id":"I2aAsLiQYViq1uAEedS7","amount":500,"order_id":"","date":{"_seconds":1661837850,"_nanoseconds":704000000},"isTopUp":true,"payment_status":"success","user_id":"WieRK3WgL3UkqpDytmr2GRd7sA93"},"IH61w073OzUT0eePMVhA":{"user_id":"Y08DBlDzTDMjytmp0OEdF3OczNd2","payment_method":"Wallet","order_id":"J7fowyWdqyiMeKK1HIkP","serviceType":"parcel-service","payment_status":"success","date":{"_seconds":1668776542,"_nanoseconds":363000000},"id":"IH61w073OzUT0eePMVhA","amount":129.70350000000002,"isTopUp":false},"ITrge3yhIZYHJbl71ehE":{"payment_status":"success","payment_method":"Wallet","serviceType":"","amount":639.8,"user_id":"ZqquRzGD5wd3bbxFThkQZIzbOcA3","date":{"_seconds":1671176763,"_nanoseconds":422000000},"isTopUp":false,"order_id":"ptqP5koqnqoq4UfNzVF1","id":"ITrge3yhIZYHJbl71ehE"},"JEtcSf7cJXV7vYxJAcsi":{"amount":0.4661,"date":{"_seconds":1663679896,"_nanoseconds":646000000},"payment_status":"success","payment_method":"Wallet","id":"JEtcSf7cJXV7vYxJAcsi","order_id":"sulq6MOOcZdRd0gytybK","isTopUp":false,"user_id":"b7kVJig9eQYb1wq45V3PfAcv9zD2"},"K899yBdp0Bmnrxk2h817":{"date":{"_seconds":1671515095,"_nanoseconds":117000000},"payment_status":"success","isTopUp":true,"payment_method":"Stripe","serviceType":"","user_id":"Ns8qYoc3UJe9Je80mpOeP4GT9vv2","id":"K899yBdp0Bmnrxk2h817","order_id":"","amount":50},"KrQwfl3GKdZ3ZxriLWhl":{"user_id":"sISQSJnzw0hYCz9l1hhm8HtdyHC2","date":{"_seconds":1657634788,"_nanoseconds":454000000},"id":"KrQwfl3GKdZ3ZxriLWhl","payment_method":"Refund Amount","order_id":"","amount":373,"isTopUp":true,"payment_status":"Refund success"},"LKK7uFzNaJ5GqcEvgYBZ":{"order_id":"KdEb4bswA1KXR0qFzWQL","user_id":"OqUCXxlvX8S4OTjlC1x1iDvi0F22","payment_method":"Wallet","isTopUp":false,"payment_status":"success","date":{"_seconds":1666958399,"_nanoseconds":574000000},"id":"LKK7uFzNaJ5GqcEvgYBZ","amount":20.955},"LR1ZJyM8lIAcT7QZE0bm":{"date":{"_seconds":1663595986,"_nanoseconds":301000000},"amount":2.1475999999999997,"order_id":"QYbGRmkHdIZg1qSMargs","id":"LR1ZJyM8lIAcT7QZE0bm","isTopUp":false,"user_id":"ZqquRzGD5wd3bbxFThkQZIzbOcA3","payment_status":"success","payment_method":"Wallet"},"LReECyIRhCopAUqdTtVy":{"id":"LReECyIRhCopAUqdTtVy","date":{"_seconds":1672140847,"_nanoseconds":678000000},"user_id":"cgQldiDwKNYEkHwm37Mcq42H9Ca2","isTopUp":false,"payment_method":"Wallet","order_id":"3ZaExARUX26BXhOgn35q","serviceType":"rental-service","payment_status":"success","amount":133.4},"LShomIeTYTenDgUNcCWn":{"isTopUp":true,"date":{"_seconds":1670828703,"_nanoseconds":968000000},"payment_status":"success","serviceType":"rental-service","amount":531,"order_id":"","user_id":"Y08DBlDzTDMjytmp0OEdF3OczNd2","payment_method":"Wallet","id":"LShomIeTYTenDgUNcCWn"},"LpSrmr0nlZeyiTqno80r":{"amount":0.5250999999999999,"payment_status":"success","isTopUp":false,"user_id":"b7kVJig9eQYb1wq45V3PfAcv9zD2","id":"LpSrmr0nlZeyiTqno80r","order_id":"tnsE4aG2AUCtUfVmyxP2","date":{"_seconds":1663677412,"_nanoseconds":5000000},"payment_method":"Wallet"},"Lx8TTJlAPudzHDW3xYs4":{"payment_method":"Wallet","order_id":"iCD3RAkkycSOK0ILkmEW","amount":103,"isTopUp":false,"date":{"_seconds":1671185659,"_nanoseconds":94000000},"user_id":"ZqquRzGD5wd3bbxFThkQZIzbOcA3","id":"Lx8TTJlAPudzHDW3xYs4","serviceType":"","payment_status":"success"},"Lyk45nNKLGwtsAAJGc2y":{"payment_method":"Wallet","date":{"_seconds":1671187760,"_nanoseconds":471000000},"user_id":"ZqquRzGD5wd3bbxFThkQZIzbOcA3","serviceType":"","isTopUp":false,"amount":314.95,"id":"Lyk45nNKLGwtsAAJGc2y","order_id":"2JcXOsC8Hv10LnoCjeO6","payment_status":"success"},"MV7Q62rYQSPa5FEvxI3g":{"date":{"_seconds":1670927086,"_nanoseconds":640000000},"isTopUp":true,"order_id":"","serviceType":"","user_id":"ZqquRzGD5wd3bbxFThkQZIzbOcA3","payment_status":"success","amount":414,"payment_method":"Refund Amount","id":"MV7Q62rYQSPa5FEvxI3g"},"NpDCmT2tIjUQuiRdm2eL":{"id":"NpDCmT2tIjUQuiRdm2eL","date":{"_seconds":1672140835,"_nanoseconds":44000000},"order_id":"ruNbQGCATw8RvrzWfZZk","isTopUp":false,"amount":133.4,"serviceType":"rental-service","user_id":"cgQldiDwKNYEkHwm37Mcq42H9Ca2","payment_status":"success","payment_method":"Wallet"},"OYAQEKTQmxpyVPTAJNbn":{"date":{"_seconds":1654499451,"_nanoseconds":877000000},"user_id":"Y08DBlDzTDMjytmp0OEdF3OczNd2","order_id":"","payment_status":"Refund success","amount":390,"id":"OYAQEKTQmxpyVPTAJNbn","payment_method":"Refund Amount","isTopUp":true},"Ohvok1JVXHeAdG1RhQhd":{"amount":50,"payment_status":"success","payment_method":"RazorPay","order_id":"","id":"Ohvok1JVXHeAdG1RhQhd","user_id":"WieRK3WgL3UkqpDytmr2GRd7sA93","date":{"_seconds":1661847818,"_nanoseconds":888000000},"isTopUp":true},"QFVPntlcM7DHvNPGs5CZ":{"order_id":"","id":"QFVPntlcM7DHvNPGs5CZ","serviceType":"rental-service","payment_method":"Wallet","isTopUp":true,"user_id":"ZqquRzGD5wd3bbxFThkQZIzbOcA3","amount":828,"payment_status":"success","date":{"_seconds":1670927339,"_nanoseconds":766000000}},"QhTodoKQja5488BSmW23":{"payment_method":"Stripe","order_id":"","user_id":"ZqquRzGD5wd3bbxFThkQZIzbOcA3","date":{"_seconds":1663594684,"_nanoseconds":998000000},"payment_status":"success","amount":500,"isTopUp":true,"id":"QhTodoKQja5488BSmW23"},"SKOc57XRcM93ieqxx1zr":{"payment_method":"Refund Amount","serviceType":"","amount":103.5,"payment_status":"success","isTopUp":true,"user_id":"FoWYOGCkXEYmXk3xWdSJWOGrlKe2","date":{"_seconds":1671516053,"_nanoseconds":162000000},"order_id":"","id":"SKOc57XRcM93ieqxx1zr"},"SOC9HURTXjTQ1c8OeXyg":{"amount":2.1475999999999997,"payment_status":"success","order_id":"QYbGRmkHdIZg1qSMargs","isTopUp":false,"date":{"_seconds":1663595995,"_nanoseconds":333000000},"payment_method":"Wallet","id":"SOC9HURTXjTQ1c8OeXyg","user_id":"ZqquRzGD5wd3bbxFThkQZIzbOcA3"},"TFYMQxqJeLlqmgOmciXY":{"serviceType":"","order_id":"","isTopUp":true,"payment_method":"PayFast","payment_status":"success","id":"TFYMQxqJeLlqmgOmciXY","date":{"_seconds":1671101588,"_nanoseconds":909000000},"amount":50,"user_id":"ZqquRzGD5wd3bbxFThkQZIzbOcA3"},"TMyPTDNwJP8q7gCHYoZb":{"date":{"_seconds":1670930332,"_nanoseconds":128000000},"amount":337.755,"id":"TMyPTDNwJP8q7gCHYoZb","payment_method":"Refund Amount","payment_status":"success","order_id":"","isTopUp":true,"serviceType":"","user_id":"ZqquRzGD5wd3bbxFThkQZIzbOcA3"},"TwwvKaQcYsILSjjQDuKW":{"id":"TwwvKaQcYsILSjjQDuKW","user_id":"ZqquRzGD5wd3bbxFThkQZIzbOcA3","amount":102.9,"payment_status":"success","payment_method":"Wallet","serviceType":"","order_id":"3cCdsJYkozFbG0CyedYh","date":{"_seconds":1672233629,"_nanoseconds":543000000},"isTopUp":false},"TzkQQmh94DGHmdbwjDXn":{"id":"TzkQQmh94DGHmdbwjDXn","isTopUp":true,"user_id":"tbQ4qEokqWTITyJ4yy90q3qMg493","order_id":"","date":{"_seconds":1652853222,"_nanoseconds":493000000},"payment_method":"Stripe","amount":50,"payment_status":"success"},"U8mjNqnzep57pA18XrqF":{"date":{"_seconds":1669277042,"_nanoseconds":386000000},"amount":69.25,"id":"U8mjNqnzep57pA18XrqF","order_id":"IYy3Us4XCML5Tj3fwikK","serviceType":"cab-service","payment_status":"success","isTopUp":false,"payment_method":"Wallet","user_id":"ZqquRzGD5wd3bbxFThkQZIzbOcA3"},"URH6j7pBABZuhOF5pYyp":{"isTopUp":true,"id":"URH6j7pBABZuhOF5pYyp","amount":9433.224,"order_id":"","user_id":"FoWYOGCkXEYmXk3xWdSJWOGrlKe2","serviceType":"","date":{"_seconds":1671024198,"_nanoseconds":276000000},"payment_status":"success","payment_method":"Refund Amount"},"UUrCm3J39lctPg0Uji47":{"order_id":"2jyCojNuH4f4JJzKgOyC","id":"UUrCm3J39lctPg0Uji47","payment_method":"Wallet","isTopUp":false,"payment_status":"success","serviceType":"cab-service","user_id":"jqVVvUjJR7MlacA7xn3ZbTXcr2j2","amount":38.05,"date":{"_seconds":1669025484,"_nanoseconds":662000000}},"Ud2ckvBBdUbhb5PLKgjU":{"amount":50,"id":"Ud2ckvBBdUbhb5PLKgjU","date":{"_seconds":1668600183,"_nanoseconds":552000000},"payment_status":"success","user_id":"b7kVJig9eQYb1wq45V3PfAcv9zD2","payment_method":"FlutterWave","isTopUp":true,"serviceType":"","order_id":""},"VQ4jx4cQoKLemKNZt3pW":{"user_id":"jqVVvUjJR7MlacA7xn3ZbTXcr2j2","date":{"_seconds":1669096784,"_nanoseconds":849000000},"isTopUp":false,"serviceType":"cab-service","order_id":"Iz4wjlP3OelWVYl4BOE6","id":"VQ4jx4cQoKLemKNZt3pW","amount":67.935,"payment_status":"success","payment_method":"Wallet"},"VRxZdvyDR83623BKyQsy":{"date":{"_seconds":1657692894,"_nanoseconds":755000000},"order_id":"","isTopUp":true,"payment_method":"Refund Amount","amount":120,"payment_status":"Refund success","user_id":"Y08DBlDzTDMjytmp0OEdF3OczNd2","id":"VRxZdvyDR83623BKyQsy"},"VqZGPAQx7RmkHeBZXZF5":{"id":"VqZGPAQx7RmkHeBZXZF5","date":{"_seconds":1668519638,"_nanoseconds":766000000},"payment_status":"success","isTopUp":false,"user_id":"OqUCXxlvX8S4OTjlC1x1iDvi0F22","payment_method":"Wallet","order_id":"VuZh2yfIEflig9wIffnc","serviceType":"","amount":37.6},"WRImTVUGu1wIci6wVEeo":{"id":"WRImTVUGu1wIci6wVEeo","payment_method":"Wallet","order_id":"","amount":129.87,"serviceType":"","date":{"_seconds":1668760327,"_nanoseconds":397000000},"payment_status":"success","isTopUp":true,"user_id":"jqVVvUjJR7MlacA7xn3ZbTXcr2j2"},"WW6wJ4bjuet0AN08Vk6u":{"date":{"_seconds":1663909853,"_nanoseconds":34000000},"user_id":"b7kVJig9eQYb1wq45V3PfAcv9zD2","payment_status":"success","amount":0,"payment_method":"Wallet","isTopUp":false,"order_id":"fdtj1SPqBf5dKfqeu1Gx","id":"WW6wJ4bjuet0AN08Vk6u"},"Wmsv5iu4uhDdGw8cMvt5":{"payment_status":"success","order_id":"udRLtvB3GaLEJDAkUFIi","serviceType":"cab-service","amount":35,"id":"Wmsv5iu4uhDdGw8cMvt5","payment_method":"Wallet","date":{"_seconds":1672235983,"_nanoseconds":105000000},"isTopUp":false,"user_id":"ZqquRzGD5wd3bbxFThkQZIzbOcA3"},"XHK1n6dz2JZDncGryKnk":{"isTopUp":false,"order_id":"wzxnnbk7mR0MACn5DNJx","payment_status":"success","serviceType":"cab-service","id":"XHK1n6dz2JZDncGryKnk","user_id":"ZqquRzGD5wd3bbxFThkQZIzbOcA3","amount":74.34,"payment_method":"Wallet","date":{"_seconds":1669298362,"_nanoseconds":190000000}},"XjoJothc77OD0jHgWsl2":{"date":{"_seconds":1669297620,"_nanoseconds":360000000},"payment_method":"Wallet","order_id":"TXCGNYBqn997K7kTiKpI","serviceType":"cab-service","payment_status":"success","isTopUp":false,"amount":43.6,"user_id":"ZqquRzGD5wd3bbxFThkQZIzbOcA3","id":"XjoJothc77OD0jHgWsl2"},"Y0sJWLrfFEclZWjaaXNo":{"isTopUp":true,"payment_method":"Wallet","user_id":"jqVVvUjJR7MlacA7xn3ZbTXcr2j2","payment_status":"success","amount":239.316,"date":{"_seconds":1668773239,"_nanoseconds":633000000},"serviceType":"","order_id":"","id":"Y0sJWLrfFEclZWjaaXNo"},"YX7G6njyvpCexaa51MUk":{"isTopUp":true,"payment_status":"success","id":"YX7G6njyvpCexaa51MUk","order_id":"","date":{"_seconds":1669990647,"_nanoseconds":40000000},"payment_method":"PayFast","user_id":"ZqquRzGD5wd3bbxFThkQZIzbOcA3","serviceType":"","amount":50},"Ygvdn2wQnld0XYrEdHsY":{"order_id":"","payment_status":"Refund success","amount":50,"id":"Ygvdn2wQnld0XYrEdHsY","date":{"_seconds":1668666985,"_nanoseconds":535000000},"user_id":"Ns8qYoc3UJe9Je80mpOeP4GT9vv2","isTopUp":true,"payment_method":"Refund Amount"},"YuHSjChNKnoTCjIAkDDk":{"user_id":"ZqquRzGD5wd3bbxFThkQZIzbOcA3","payment_method":"Wallet","order_id":"","isTopUp":true,"serviceType":"rental-service","date":{"_seconds":1670931636,"_nanoseconds":576000000},"payment_status":"success","id":"YuHSjChNKnoTCjIAkDDk","amount":414},"Z6OsMS5aDJyKbb5xMfxA":{"amount":60.61,"payment_method":"Wallet","id":"Z6OsMS5aDJyKbb5xMfxA","serviceType":"","order_id":"DsM6oPtxRrOJaXTLssUh","payment_status":"success","date":{"_seconds":1671107079,"_nanoseconds":340000000},"isTopUp":false,"user_id":"ZqquRzGD5wd3bbxFThkQZIzbOcA3"},"ZBlPGqSA4YRxmSYhE1Zp":{"isTopUp":true,"payment_status":"success","amount":50,"payment_method":"FlutterWave","order_id":"","id":"ZBlPGqSA4YRxmSYhE1Zp","user_id":"b7kVJig9eQYb1wq45V3PfAcv9zD2","serviceType":"","date":{"_seconds":1668586013,"_nanoseconds":340000000}},"a4eSRAWjT0a87NQENVaz":{"order_id":"","date":{"_seconds":1661779045,"_nanoseconds":790000000},"payment_status":"success","user_id":"WieRK3WgL3UkqpDytmr2GRd7sA93","id":"a4eSRAWjT0a87NQENVaz","isTopUp":true,"amount":50,"payment_method":"Stripe"},"aC0k5Q2EOfuVwG3xTqw4":{"date":{"_seconds":1657016478,"_nanoseconds":146000000},"user_id":"sISQSJnzw0hYCz9l1hhm8HtdyHC2","id":"aC0k5Q2EOfuVwG3xTqw4","payment_method":"Wallet","order_id":"EPTPs4mQeG9AF6iMenFv","amount":46.75,"payment_status":"success","isTopUp":false},"aRjGXDvNQ7jVXCQp6k8a":{"user_id":"jqVVvUjJR7MlacA7xn3ZbTXcr2j2","date":{"_seconds":1668774344,"_nanoseconds":804000000},"amount":172.09439999999998,"id":"aRjGXDvNQ7jVXCQp6k8a","isTopUp":true,"payment_status":"success","order_id":"","serviceType":"","payment_method":"Wallet"},"ak1Bptbadq47i8XA7GEV":{"payment_method":"Wallet","amount":262.5,"isTopUp":false,"order_id":"7DMAza8vuxYYMPKywdmX","user_id":"sISQSJnzw0hYCz9l1hhm8HtdyHC2","payment_status":"success","date":{"_seconds":1654089820,"_nanoseconds":66000000},"id":"ak1Bptbadq47i8XA7GEV"},"bGPAVO96FKgvC8uk6seI":{"serviceType":"cab-service","payment_status":"success","isTopUp":false,"payment_method":"Wallet","date":{"_seconds":1669297499,"_nanoseconds":996000000},"order_id":"f9zh2x8cOgxTSinpLMJf","id":"bGPAVO96FKgvC8uk6seI","amount":41.89,"user_id":"ZqquRzGD5wd3bbxFThkQZIzbOcA3"},"bGQuLKh6DceYXcyO3TyF":{"isTopUp":true,"user_id":"cgQldiDwKNYEkHwm37Mcq42H9Ca2","serviceType":"","date":{"_seconds":1672142075,"_nanoseconds":519000000},"order_id":"","payment_status":"success","payment_method":"Refund Amount","id":"bGQuLKh6DceYXcyO3TyF","amount":133.4},"bLKB287tMmpXoG2DTVxy":{"payment_status":"success","order_id":"JG1mVWn5eizFwfb3J3Nb","id":"bLKB287tMmpXoG2DTVxy","date":{"_seconds":1669203743,"_nanoseconds":598000000},"amount":41.3818,"payment_method":"Wallet","user_id":"ZqquRzGD5wd3bbxFThkQZIzbOcA3","isTopUp":false,"serviceType":"cab-service"},"beC76lcgnyyKKWx8IzBV":{"id":"beC76lcgnyyKKWx8IzBV","payment_method":"Wallet","payment_status":"success","isTopUp":false,"date":{"_seconds":1669987270,"_nanoseconds":896000000},"order_id":"DjaTGDnI6N5L1gdBVpLh","serviceType":"","amount":184.78,"user_id":"ZqquRzGD5wd3bbxFThkQZIzbOcA3"},"cOxjez9i8XzPd0aVnvdV":{"id":"cOxjez9i8XzPd0aVnvdV","payment_method":"Wallet","isTopUp":false,"payment_status":"success","date":{"_seconds":1663680604,"_nanoseconds":797000000},"order_id":"1dRpoOeRNZHZithh1Hmr","amount":6.472299999999999,"user_id":"b7kVJig9eQYb1wq45V3PfAcv9zD2"},"dAwEUf1Qs1BFCeMvL17m":{"order_id":"0ZGPvU1OqzPix4MCGK36","user_id":"b7kVJig9eQYb1wq45V3PfAcv9zD2","payment_status":"success","isTopUp":false,"payment_method":"Wallet","date":{"_seconds":1663675113,"_nanoseconds":900000000},"id":"dAwEUf1Qs1BFCeMvL17m","amount":14.0892},"dIfuN2HsbbynsIEyaXD1":{"payment_method":"RazorPay","order_id":"","id":"dIfuN2HsbbynsIEyaXD1","isTopUp":true,"date":{"_seconds":1661847392,"_nanoseconds":670000000},"amount":50,"user_id":"WieRK3WgL3UkqpDytmr2GRd7sA93","payment_status":"success"},"dSv1idqXq3pFVjt7aZ0W":{"date":{"_seconds":1669292990,"_nanoseconds":603000000},"payment_method":"Stripe","amount":50,"isTopUp":true,"payment_status":"success","order_id":"","id":"dSv1idqXq3pFVjt7aZ0W","serviceType":"","user_id":"b7kVJig9eQYb1wq45V3PfAcv9zD2"},"dmLFWFwq8MiDbbbeqZoi":{"isTopUp":false,"user_id":"b7kVJig9eQYb1wq45V3PfAcv9zD2","payment_method":"Wallet","payment_status":"success","date":{"_seconds":1663675082,"_nanoseconds":242000000},"order_id":"0ZGPvU1OqzPix4MCGK36","amount":14.0892,"id":"dmLFWFwq8MiDbbbeqZoi"},"eN1cg9Z7eCLfdEKOld4x":{"date":{"_seconds":1668667151,"_nanoseconds":696000000},"payment_method":"Refund Amount","amount":464,"payment_status":"Refund success","id":"eN1cg9Z7eCLfdEKOld4x","user_id":"ZqquRzGD5wd3bbxFThkQZIzbOcA3","order_id":"","isTopUp":true},"eTpIrH1GBtPUTvvuTFHQ":{"payment_method":"Wallet","amount":366.7995000000001,"payment_status":"success","isTopUp":false,"order_id":"AGmVgZ16mVavG4catE97","user_id":"ZqquRzGD5wd3bbxFThkQZIzbOcA3","serviceType":"parcel-service","date":{"_seconds":1668778548,"_nanoseconds":943000000},"id":"eTpIrH1GBtPUTvvuTFHQ"},"egWBFy8WQecefa8XTcU8":{"payment_status":"success","payment_method":"Wallet","id":"egWBFy8WQecefa8XTcU8","amount":558.91,"order_id":"G3ujzV0PDIyFg6foeRyP","date":{"_seconds":1671092092,"_nanoseconds":162000000},"serviceType":"","isTopUp":false,"user_id":"ZqquRzGD5wd3bbxFThkQZIzbOcA3"},"ehlgXmMMTauoyQbwV36t":{"isTopUp":false,"order_id":"7eABLLjik6lffNJF7kiz","serviceType":"","id":"ehlgXmMMTauoyQbwV36t","user_id":"ZqquRzGD5wd3bbxFThkQZIzbOcA3","payment_status":"success","date":{"_seconds":1671449777,"_nanoseconds":901000000},"amount":58.15,"payment_method":"Wallet"},"eznKNQCrMXwSChyyx28B":{"isTopUp":true,"date":{"_seconds":1671540432,"_nanoseconds":803000000},"id":"eznKNQCrMXwSChyyx28B","user_id":"FoWYOGCkXEYmXk3xWdSJWOGrlKe2","payment_method":"Refund Amount","order_id":"","serviceType":"","payment_status":"success","amount":192.03},"f3ZrdhzC7bF6zA7JN3Pu":{"isTopUp":false,"serviceType":"parcel-service","date":{"_seconds":1668779272,"_nanoseconds":52000000},"amount":59.36280000000001,"id":"f3ZrdhzC7bF6zA7JN3Pu","user_id":"ZqquRzGD5wd3bbxFThkQZIzbOcA3","payment_status":"success","payment_method":"Wallet","order_id":"769xRusIsiwRRK2lyL3n"},"fh6IgLfnlQOSvZP7HUjI":{"isTopUp":true,"serviceType":"","date":{"_seconds":1668587072,"_nanoseconds":753000000},"user_id":"b7kVJig9eQYb1wq45V3PfAcv9zD2","id":"fh6IgLfnlQOSvZP7HUjI","amount":50,"order_id":"","payment_method":"FlutterWave","payment_status":"success"},"fq6jXVJCOT7Q9mRL1bMR":{"user_id":"Y08DBlDzTDMjytmp0OEdF3OczNd2","order_id":"HoDGGGepQzAk0S9Jra5l","date":{"_seconds":1654509285,"_nanoseconds":62000000},"id":"fq6jXVJCOT7Q9mRL1bMR","payment_status":"success","isTopUp":false,"payment_method":"Wallet","amount":93.45},"fxplJFEk57uwtwrZySlj":{"amount":72.039,"user_id":"jqVVvUjJR7MlacA7xn3ZbTXcr2j2","date":{"_seconds":1668769854,"_nanoseconds":502000000},"payment_method":"Wallet","isTopUp":false,"id":"fxplJFEk57uwtwrZySlj","payment_status":"success","order_id":"gJdPKgQiTYxOZfOuDXsb","serviceType":"parcel-service"},"g1bZZgLGdVHR6MIcYe55":{"isTopUp":false,"id":"g1bZZgLGdVHR6MIcYe55","amount":160.5,"payment_method":"Wallet","date":{"_seconds":1657698311,"_nanoseconds":220000000},"user_id":"Y08DBlDzTDMjytmp0OEdF3OczNd2","order_id":"0fb2uPBZipxnoKRn2Bg0","payment_status":"success"},"h53RVE6Iif02nY10LNyj":{"date":{"_seconds":1663595945,"_nanoseconds":235000000},"order_id":"QYbGRmkHdIZg1qSMargs","id":"h53RVE6Iif02nY10LNyj","user_id":"ZqquRzGD5wd3bbxFThkQZIzbOcA3","amount":2.1475999999999997,"payment_status":"success","isTopUp":false,"payment_method":"Wallet"},"hIRNHVuIycZjtV5Q8o5M":{"payment_method":"Wallet","user_id":"b7kVJig9eQYb1wq45V3PfAcv9zD2","id":"hIRNHVuIycZjtV5Q8o5M","amount":0.5250999999999999,"payment_status":"success","date":{"_seconds":1663677392,"_nanoseconds":36000000},"order_id":"tnsE4aG2AUCtUfVmyxP2","isTopUp":false},"i5TVvHef4VgJxfh8I2Rf":{"isTopUp":true,"order_id":"","date":{"_seconds":1668580072,"_nanoseconds":423000000},"serviceType":"","payment_method":"FlutterWave","payment_status":"success","id":"i5TVvHef4VgJxfh8I2Rf","amount":50,"user_id":"YG0GRjSrh1QB1nRymq2FjNvxUOc2"},"ioJLp8AU3OrmIXPqBia3":{"payment_method":"Refund Amount","date":{"_seconds":1670560108,"_nanoseconds":620000000},"payment_status":"Refund success","order_id":"","id":"ioJLp8AU3OrmIXPqBia3","amount":298,"isTopUp":true,"user_id":"ZqquRzGD5wd3bbxFThkQZIzbOcA3"},"irHZTH8DD6KkgaCHma5r":{"amount":192.97,"payment_status":"success","payment_method":"Wallet","isTopUp":false,"user_id":"ZqquRzGD5wd3bbxFThkQZIzbOcA3","order_id":"FKGDph9tUSP5ny1ZR0cs","date":{"_seconds":1671085854,"_nanoseconds":92000000},"serviceType":"","id":"irHZTH8DD6KkgaCHma5r"},"j3zJyMfg8PMfiI0KqnZD":{"payment_status":"success","payment_method":"Wallet","order_id":"0ZGPvU1OqzPix4MCGK36","amount":14.0892,"user_id":"b7kVJig9eQYb1wq45V3PfAcv9zD2","isTopUp":false,"date":{"_seconds":1663675181,"_nanoseconds":897000000},"id":"j3zJyMfg8PMfiI0KqnZD"},"jcYcc9BZG7t9dx5RiuWO":{"payment_status":"success","isTopUp":false,"payment_method":"Wallet","date":{"_seconds":1662039696,"_nanoseconds":956000000},"order_id":"Fcg5VcR3OJCpy4PP44Db","id":"jcYcc9BZG7t9dx5RiuWO","user_id":"WieRK3WgL3UkqpDytmr2GRd7sA93","amount":86},"jhuxOfOty1ZWa4wRN8gK":{"isTopUp":true,"amount":200,"user_id":"OqUCXxlvX8S4OTjlC1x1iDvi0F22","payment_status":"success","date":{"_seconds":1666075606,"_nanoseconds":896000000},"order_id":"","id":"jhuxOfOty1ZWa4wRN8gK","payment_method":"PayFast"},"keFHE7nP05y49KvygZll":{"amount":500,"isTopUp":true,"payment_method":"Stripe","payment_status":"success","user_id":"ZqquRzGD5wd3bbxFThkQZIzbOcA3","order_id":"","id":"keFHE7nP05y49KvygZll","date":{"_seconds":1665726594,"_nanoseconds":545000000}},"kuSPooZhngZPWVOiy9Qc":{"id":"kuSPooZhngZPWVOiy9Qc","user_id":"ZqquRzGD5wd3bbxFThkQZIzbOcA3","payment_status":"success","order_id":"","isTopUp":true,"serviceType":"","date":{"_seconds":1669989327,"_nanoseconds":7000000},"payment_method":"Stripe","amount":500},"l5kC1d4wEHU01CWtLQuN":{"order_id":"","date":{"_seconds":1667990506,"_nanoseconds":929000000},"user_id":"FoWYOGCkXEYmXk3xWdSJWOGrlKe2","id":"l5kC1d4wEHU01CWtLQuN","payment_status":"success","isTopUp":true,"payment_method":"Stripe","amount":50},"lrHjcERlzApc5ZaRhyfw":{"payment_method":"FlutterWave","order_id":"","amount":50,"id":"lrHjcERlzApc5ZaRhyfw","isTopUp":true,"payment_status":"success","date":{"_seconds":1668583152,"_nanoseconds":799000000},"serviceType":"","user_id":"b7kVJig9eQYb1wq45V3PfAcv9zD2"},"mV6B8VH71EMZoVQeuPWy":{"date":{"_seconds":1671091893,"_nanoseconds":979000000},"serviceType":"","id":"mV6B8VH71EMZoVQeuPWy","payment_method":"Wallet","payment_status":"success","order_id":"giKraUVEL7t3qGzkcRtQ","amount":1014.3000000000001,"user_id":"ZqquRzGD5wd3bbxFThkQZIzbOcA3","isTopUp":false},"ms1gFH9YUadZazzdzSNN":{"payment_method":"Wallet","amount":120.75,"order_id":"MktH7UkaiLH84k9Lx0Rf","payment_status":"success","isTopUp":false,"date":{"_seconds":1672147213,"_nanoseconds":69000000},"user_id":"cgQldiDwKNYEkHwm37Mcq42H9Ca2","id":"ms1gFH9YUadZazzdzSNN","serviceType":"rental-service"},"mwMKXtKczg2FEFK0ohht":{"order_id":"hj6QZF7sJTbz47dyOOhe","serviceType":"parcel-service","isTopUp":false,"id":"mwMKXtKczg2FEFK0ohht","amount":419.025,"user_id":"FoWYOGCkXEYmXk3xWdSJWOGrlKe2","payment_method":"Wallet","date":{"_seconds":1672162305,"_nanoseconds":184000000},"payment_status":"success"},"n0LP1fOH93LEeAad1KLK":{"date":{"_seconds":1654089913,"_nanoseconds":84000000},"amount":136,"payment_method":"Wallet","payment_status":"success","order_id":"ZsSeY69wHU4fuFlvjhn9","user_id":"sISQSJnzw0hYCz9l1hhm8HtdyHC2","id":"n0LP1fOH93LEeAad1KLK","isTopUp":false},"n4ERaViZ7LpQsNhXQE8d":{"id":"n4ERaViZ7LpQsNhXQE8d","payment_method":"Wallet","order_id":"aohmnlyQkoMAg0XUIdId","isTopUp":false,"user_id":"b7kVJig9eQYb1wq45V3PfAcv9zD2","date":{"_seconds":1663762359,"_nanoseconds":787000000},"payment_status":"success","amount":7.611000000000001},"n71CCJ9nogNMNXM3Oaxy":{"isTopUp":false,"user_id":"b7kVJig9eQYb1wq45V3PfAcv9zD2","amount":19.057,"id":"n71CCJ9nogNMNXM3Oaxy","date":{"_seconds":1663758942,"_nanoseconds":905000000},"payment_status":"success","payment_method":"Wallet","order_id":"SCnP6ZaX1GqKWekfEnTo"},"nIHMre03wZpYOZzcE22i":{"payment_method":"RazorPay","amount":50,"user_id":"WieRK3WgL3UkqpDytmr2GRd7sA93","payment_status":"success","id":"nIHMre03wZpYOZzcE22i","date":{"_seconds":1661847818,"_nanoseconds":940000000},"isTopUp":true,"order_id":""},"o1kvwzMfZQTSiDehvrrr":{"id":"o1kvwzMfZQTSiDehvrrr","payment_status":"success","order_id":"1opzFrs9QFPclUvcQCFI","date":{"_seconds":1669354206,"_nanoseconds":1000000},"serviceType":"cab-service","payment_method":"Wallet","amount":46.93,"user_id":"ZqquRzGD5wd3bbxFThkQZIzbOcA3","isTopUp":false},"ohPE82IZ8zhdRzPRj3WX":{"id":"ohPE82IZ8zhdRzPRj3WX","user_id":"b7kVJig9eQYb1wq45V3PfAcv9zD2","order_id":"fdtj1SPqBf5dKfqeu1Gx","payment_method":"Wallet","date":{"_seconds":1663909858,"_nanoseconds":426000000},"isTopUp":false,"amount":0,"payment_status":"success"},"pAoOhQ1EIZHQNvvtC7yv":{"user_id":"b7kVJig9eQYb1wq45V3PfAcv9zD2","payment_status":"success","payment_method":"Wallet","amount":0,"isTopUp":false,"id":"pAoOhQ1EIZHQNvvtC7yv","order_id":"HtufDkGfP9ON6c8f1yfk","date":{"_seconds":1663854072,"_nanoseconds":634000000}},"pGL6WKAmYE0PSwZ6CaIn":{"isTopUp":false,"serviceType":"cab-service","user_id":"ZqquRzGD5wd3bbxFThkQZIzbOcA3","date":{"_seconds":1669188860,"_nanoseconds":175000000},"payment_method":"Wallet","order_id":"U9PMnGGZjm6gjyhvqJu6","id":"pGL6WKAmYE0PSwZ6CaIn","amount":30.9,"payment_status":"success"},"pI5wJx1EIMJrlAHrrv34":{"date":{"_seconds":1669354287,"_nanoseconds":182000000},"isTopUp":false,"user_id":"ZqquRzGD5wd3bbxFThkQZIzbOcA3","id":"pI5wJx1EIMJrlAHrrv34","payment_status":"success","payment_method":"Wallet","order_id":"9t3X1B5kUFywbXaX9iz0","serviceType":"cab-service","amount":51.09},"psVadWQRB41CmPmwb6Oq":{"id":"psVadWQRB41CmPmwb6Oq","user_id":"sISQSJnzw0hYCz9l1hhm8HtdyHC2","isTopUp":false,"amount":87.15,"payment_status":"success","date":{"_seconds":1654090567,"_nanoseconds":538000000},"order_id":"7dhdljAfYZCxoGd6I0c4","payment_method":"Wallet"},"qadd4cvoSTuY4YKxTtg7":{"id":"qadd4cvoSTuY4YKxTtg7","payment_status":"success","date":{"_seconds":1657698227,"_nanoseconds":803000000},"user_id":"Y08DBlDzTDMjytmp0OEdF3OczNd2","order_id":"","isTopUp":true,"payment_method":"Stripe","amount":500},"rCHLLbcolbSFkYUXTAjJ":{"serviceType":"","amount":5000,"order_id":"","payment_status":"success","id":"rCHLLbcolbSFkYUXTAjJ","date":{"_seconds":1671694372,"_nanoseconds":543000000},"isTopUp":true,"payment_method":"Stripe","user_id":"cgQldiDwKNYEkHwm37Mcq42H9Ca2"},"rG0Rf2m3UUECJesD7gKI":{"order_id":"","payment_status":"success","amount":1242,"id":"rG0Rf2m3UUECJesD7gKI","date":{"_seconds":1670927504,"_nanoseconds":15000000},"user_id":"ZqquRzGD5wd3bbxFThkQZIzbOcA3","serviceType":"rental-service","isTopUp":true,"payment_method":"Wallet"},"rMegkBp06FDBgMWJufbK":{"isTopUp":false,"date":{"_seconds":1669986788,"_nanoseconds":283000000},"user_id":"ZqquRzGD5wd3bbxFThkQZIzbOcA3","order_id":"2KRs9LOLEcOiGmrtoi26","payment_status":"success","payment_method":"Wallet","amount":153.75,"serviceType":"","id":"rMegkBp06FDBgMWJufbK"},"rNnSjMQpKidhxP1YqSxb":{"id":"rNnSjMQpKidhxP1YqSxb","date":{"_seconds":1668520193,"_nanoseconds":425000000},"amount":46,"payment_status":"Refund success","payment_method":"Refund Amount","order_id":"","user_id":"ZqquRzGD5wd3bbxFThkQZIzbOcA3","isTopUp":true},"ri9IK8BVKKgbC3gMWen3":{"isTopUp":false,"date":{"_seconds":1672147389,"_nanoseconds":58000000},"serviceType":"rental-service","order_id":"d8oOkPNz6Tp81aUJeKjX","user_id":"cgQldiDwKNYEkHwm37Mcq42H9Ca2","payment_method":"Wallet","id":"ri9IK8BVKKgbC3gMWen3","amount":120.75,"payment_status":"success"},"rmt1br3ot2L9X7dGxhgp":{"amount":42.055,"order_id":"hj2bjt0qoEC3H3Gts8rW","isTopUp":false,"date":{"_seconds":1669113590,"_nanoseconds":531000000},"payment_method":"Wallet","id":"rmt1br3ot2L9X7dGxhgp","serviceType":"cab-service","user_id":"ZqquRzGD5wd3bbxFThkQZIzbOcA3","payment_status":"success"},"s8fCuToGbKlagfAJ1tga":{"isTopUp":true,"id":"s8fCuToGbKlagfAJ1tga","date":{"_seconds":1671774919,"_nanoseconds":869000000},"payment_status":"success","order_id":"","amount":229.77,"user_id":"cgQldiDwKNYEkHwm37Mcq42H9Ca2","serviceType":"","payment_method":"Refund Amount"},"sJakMkyZMxekI2iBfRuq":{"user_id":"b7kVJig9eQYb1wq45V3PfAcv9zD2","payment_method":"FlutterWave","order_id":"","serviceType":"","isTopUp":true,"id":"sJakMkyZMxekI2iBfRuq","payment_status":"success","amount":50,"date":{"_seconds":1668600284,"_nanoseconds":941000000}},"sVQvB5yUOqUJSIdU4eWH":{"payment_status":"success","amount":23,"user_id":"ZqquRzGD5wd3bbxFThkQZIzbOcA3","id":"sVQvB5yUOqUJSIdU4eWH","serviceType":"cab-service","isTopUp":false,"payment_method":"Wallet","date":{"_seconds":1669298489,"_nanoseconds":753000000},"order_id":"wPpQ2AxzheaU3Px4TVDJ"},"sYCNwMPVYiZ3VdERokjb":{"id":"sYCNwMPVYiZ3VdERokjb","serviceType":"rental-service","payment_status":"success","amount":201.25,"order_id":"","payment_method":"Wallet","date":{"_seconds":1670931567,"_nanoseconds":600000000},"user_id":"ZqquRzGD5wd3bbxFThkQZIzbOcA3","isTopUp":true},"sZpfqqjZwVOmLDlC6gIT":{"id":"sZpfqqjZwVOmLDlC6gIT","order_id":"BsnTJl50Xv8jEW2jxbru","isTopUp":false,"payment_method":"Wallet","date":{"_seconds":1654500671,"_nanoseconds":530000000},"amount":196.9,"user_id":"Y08DBlDzTDMjytmp0OEdF3OczNd2","payment_status":"success"},"sZss9pwN5cNlXfTynpM9":{"order_id":"","user_id":"YG0GRjSrh1QB1nRymq2FjNvxUOc2","amount":50,"serviceType":"","payment_status":"success","isTopUp":true,"date":{"_seconds":1668580768,"_nanoseconds":696000000},"payment_method":"FlutterWave","id":"sZss9pwN5cNlXfTynpM9"},"scq0Ae8MogWHIZp3i6pl":{"user_id":"FoWYOGCkXEYmXk3xWdSJWOGrlKe2","order_id":"","id":"scq0Ae8MogWHIZp3i6pl","payment_status":"success","payment_method":"Refund Amount","serviceType":"","isTopUp":true,"date":{"_seconds":1671539851,"_nanoseconds":506000000},"amount":192.03},"t0DdXBIYtzLeP07khMi0":{"id":"t0DdXBIYtzLeP07khMi0","date":{"_seconds":1670927901,"_nanoseconds":414000000},"isTopUp":true,"amount":158.7,"payment_status":"success","serviceType":"","user_id":"ZqquRzGD5wd3bbxFThkQZIzbOcA3","payment_method":"Refund Amount","order_id":""},"tCrKqw2EFsoWpqX5UkTv":{"payment_method":"Wallet","id":"tCrKqw2EFsoWpqX5UkTv","isTopUp":false,"serviceType":"parcel-service","order_id":"kQQYH4H2igSuzhS6zLXZ","user_id":"ZqquRzGD5wd3bbxFThkQZIzbOcA3","amount":266.067,"payment_status":"success","date":{"_seconds":1672236149,"_nanoseconds":815000000}},"tNtNLvTKD91kevfS4v1U":{"user_id":"Y08DBlDzTDMjytmp0OEdF3OczNd2","id":"tNtNLvTKD91kevfS4v1U","serviceType":"cab-service","payment_method":"Wallet","date":{"_seconds":1669036354,"_nanoseconds":996000000},"payment_status":"success","amount":37.46,"order_id":"5hOLbeSBPB6s6zbXrocT","isTopUp":false},"tWoS5T4d6eDynUVRvztO":{"amount":500,"order_id":"","payment_method":"PayFast","id":"tWoS5T4d6eDynUVRvztO","date":{"_seconds":1666075363,"_nanoseconds":921000000},"isTopUp":true,"user_id":"OqUCXxlvX8S4OTjlC1x1iDvi0F22","payment_status":"success"},"tXhTqWgfuccF8Kmc8472":{"date":{"_seconds":1657866610,"_nanoseconds":448000000},"user_id":"sISQSJnzw0hYCz9l1hhm8HtdyHC2","order_id":"","payment_method":"PayFast","amount":50,"isTopUp":true,"payment_status":"success","id":"tXhTqWgfuccF8Kmc8472"},"tb9NLcPXQ4SxMAnKOeQM":{"payment_method":"Wallet","amount":138,"id":"tb9NLcPXQ4SxMAnKOeQM","isTopUp":false,"serviceType":"parcel-service","payment_status":"success","user_id":"ZqquRzGD5wd3bbxFThkQZIzbOcA3","date":{"_seconds":1671082992,"_nanoseconds":766000000},"order_id":"W1wDLm6TXVYh84eRHlAw"},"tfyiWUwh7jbMBtYkWMja":{"id":"tfyiWUwh7jbMBtYkWMja","user_id":"ZqquRzGD5wd3bbxFThkQZIzbOcA3","serviceType":"","amount":38.72,"payment_status":"success","payment_method":"Wallet","date":{"_seconds":1668520163,"_nanoseconds":375000000},"isTopUp":false,"order_id":"Mt4eToeqJVRiq1k0QVyQ"},"tiG0VE7yzvCthgn4SB1E":{"serviceType":"rental-service","amount":379.5,"payment_status":"success","id":"tiG0VE7yzvCthgn4SB1E","payment_method":"Wallet","user_id":"ZqquRzGD5wd3bbxFThkQZIzbOcA3","isTopUp":true,"order_id":"","date":{"_seconds":1670930606,"_nanoseconds":783000000}},"tp1vBXRlqD2Ui6KwMWdS":{"user_id":"FmKWwUmtyQeeZejrUDMSrn6dkLg2","amount":10,"order_id":"","id":"tp1vBXRlqD2Ui6KwMWdS","payment_method":"Refund Amount","isTopUp":true,"payment_status":"Refund success","date":{"_seconds":1658236725,"_nanoseconds":376000000}},"u0cDF9EC5EwH51CfuJCW":{"id":"u0cDF9EC5EwH51CfuJCW","order_id":"qbfxoVree6piQgiOCqgG","payment_method":"Wallet","amount":320.75,"payment_status":"success","user_id":"ZqquRzGD5wd3bbxFThkQZIzbOcA3","isTopUp":false,"date":{"_seconds":1669816509,"_nanoseconds":318000000},"serviceType":""},"u4lGIG0ub4ltQuWc4cU9":{"id":"u4lGIG0ub4ltQuWc4cU9","payment_status":"success","date":{"_seconds":1669125646,"_nanoseconds":47000000},"payment_method":"Wallet","serviceType":"cab-service","amount":33.632000000000005,"order_id":"9d94oGJMJ0r3Gl1PyZks","isTopUp":false,"user_id":"ZqquRzGD5wd3bbxFThkQZIzbOcA3"},"uGUBUetWgMn14vljfXpL":{"amount":500,"date":{"_seconds":1671525292,"_nanoseconds":80000000},"isTopUp":true,"payment_status":"success","payment_method":"Stripe","serviceType":"","order_id":"","user_id":"ZqquRzGD5wd3bbxFThkQZIzbOcA3","id":"uGUBUetWgMn14vljfXpL"},"udx1gkY1ct7DABgk0fnk":{"order_id":"474NzmwzwHj6x8qFNFBy","id":"udx1gkY1ct7DABgk0fnk","amount":175.15,"user_id":"ZqquRzGD5wd3bbxFThkQZIzbOcA3","payment_status":"success","isTopUp":false,"serviceType":"","date":{"_seconds":1669986980,"_nanoseconds":789000000},"payment_method":"Wallet"},"vUQHS9hpJpFfrPAmUD1C":{"order_id":"BVeGtRR4X2CoPEyXdsJc","payment_method":"Wallet","serviceType":"cab-service","date":{"_seconds":1669292718,"_nanoseconds":481000000},"amount":35,"isTopUp":false,"user_id":"ZqquRzGD5wd3bbxFThkQZIzbOcA3","payment_status":"success","id":"vUQHS9hpJpFfrPAmUD1C"},"vcHbjhZn8vhJnULYj1WQ":{"date":{"_seconds":1663677374,"_nanoseconds":429000000},"payment_status":"success","payment_method":"Wallet","amount":0.5250999999999999,"order_id":"tnsE4aG2AUCtUfVmyxP2","user_id":"b7kVJig9eQYb1wq45V3PfAcv9zD2","id":"vcHbjhZn8vhJnULYj1WQ","isTopUp":false},"vwO6X4kkuh5ozgSpH6NW":{"date":{"_seconds":1668607023,"_nanoseconds":144000000},"payment_method":"FlutterWave","amount":51,"order_id":"","isTopUp":true,"user_id":"b7kVJig9eQYb1wq45V3PfAcv9zD2","id":"vwO6X4kkuh5ozgSpH6NW","serviceType":"","payment_status":"success"},"vyWqH2d2iGs9CBJdcLCR":{"order_id":"","payment_method":"Refund Amount","serviceType":"","isTopUp":true,"date":{"_seconds":1671516038,"_nanoseconds":168000000},"amount":310.5,"id":"vyWqH2d2iGs9CBJdcLCR","user_id":"ZqquRzGD5wd3bbxFThkQZIzbOcA3","payment_status":"success"},"w46MFVUKnFuiWMZ5JVM9":{"order_id":"8Hn50mIwIouZsKwUSSS0","date":{"_seconds":1669291939,"_nanoseconds":740000000},"serviceType":"cab-service","amount":49.68,"payment_status":"success","id":"w46MFVUKnFuiWMZ5JVM9","isTopUp":false,"user_id":"ZqquRzGD5wd3bbxFThkQZIzbOcA3","payment_method":"Wallet"},"wi1vdY9rXPckMy703fyH":{"payment_method":"Wallet","user_id":"ZqquRzGD5wd3bbxFThkQZIzbOcA3","date":{"_seconds":1668520622,"_nanoseconds":101000000},"serviceType":"","id":"wi1vdY9rXPckMy703fyH","order_id":"cgmyYPvw5SGKRCIVfemw","isTopUp":false,"amount":275.04,"payment_status":"success"},"xEn0pkPdCoNnkJJJbQiR":{"isTopUp":false,"amount":39.335499999999996,"serviceType":"cab-service","user_id":"jqVVvUjJR7MlacA7xn3ZbTXcr2j2","order_id":"FQgvg4REhgq5KT3YlVTs","id":"xEn0pkPdCoNnkJJJbQiR","payment_status":"success","payment_method":"Wallet","date":{"_seconds":1669025050,"_nanoseconds":664000000}},"xLSjdg40jhLZKSGmfZTi":{"isTopUp":true,"order_id":"","amount":548.784,"user_id":"ZqquRzGD5wd3bbxFThkQZIzbOcA3","payment_method":"Refund Amount","serviceType":"","id":"xLSjdg40jhLZKSGmfZTi","payment_status":"success","date":{"_seconds":1668779714,"_nanoseconds":686000000}},"xSs5lNpgA6CGG0BarBXr":{"date":{"_seconds":1671515504,"_nanoseconds":987000000},"order_id":"","amount":97.75,"payment_status":"success","id":"xSs5lNpgA6CGG0BarBXr","isTopUp":true,"serviceType":"","payment_method":"Refund Amount","user_id":"ZqquRzGD5wd3bbxFThkQZIzbOcA3"},"xxbqzPNUKSUaIncVepYr":{"order_id":"CxuTNs1bba0nUjWK6llM","date":{"_seconds":1654509397,"_nanoseconds":355000000},"amount":115,"payment_method":"Wallet","isTopUp":false,"id":"xxbqzPNUKSUaIncVepYr","user_id":"Y08DBlDzTDMjytmp0OEdF3OczNd2","payment_status":"success"},"yA0THcxe5cKN8gljDjAO":{"isTopUp":true,"date":{"_seconds":1668666902,"_nanoseconds":186000000},"amount":50,"id":"yA0THcxe5cKN8gljDjAO","user_id":"Ns8qYoc3UJe9Je80mpOeP4GT9vv2","order_id":"","payment_method":"Refund Amount","payment_status":"Refund success"},"yJxV54ASLKnJsIkV1rK4":{"id":"yJxV54ASLKnJsIkV1rK4","isTopUp":false,"date":{"_seconds":1663674633,"_nanoseconds":409000000},"order_id":"0ZGPvU1OqzPix4MCGK36","payment_method":"Wallet","user_id":"b7kVJig9eQYb1wq45V3PfAcv9zD2","amount":14.0892,"payment_status":"success"},"yx293N5RbPmxFU9cHEG1":{"payment_method":"Wallet","payment_status":"success","serviceType":"cab-service","date":{"_seconds":1669354376,"_nanoseconds":365000000},"isTopUp":false,"amount":216.55,"order_id":"X1hkDmcgJFYQN2Xn0d4j","user_id":"ZqquRzGD5wd3bbxFThkQZIzbOcA3","id":"yx293N5RbPmxFU9cHEG1"},"zKg99b46HSBbTO8gQkSo":{"payment_method":"FlutterWave","serviceType":"","date":{"_seconds":1668661824,"_nanoseconds":445000000},"order_id":"","payment_status":"success","user_id":"b7kVJig9eQYb1wq45V3PfAcv9zD2","isTopUp":true,"amount":50,"id":"zKg99b46HSBbTO8gQkSo"}}}